Pattern,#SUP:
4_328_AUTOMÓVEL_PEQUENO_41-60,7314.0
3_366_AUTOMÓVEL_MÉDIO_41-60,7345.0
3_366_AUTOMÓVEL_MÉDIO_41-60 4_349_AUTOMÓVEL_MÉDIO_41-60,7257.0
3_366_AUTOMÓVEL_MÉDIO_41-60 2_350_AUTOMÓVEL_MÉDIO_41-60,7283.0
2_349_AUTOMÓVEL_MÉDIO_0-40,7364.0
2_349_AUTOMÓVEL_MÉDIO_0-40 4_349_AUTOMÓVEL_MÉDIO_41-60,7262.0
2_349_AUTOMÓVEL_MÉDIO_0-40 2_350_AUTOMÓVEL_MÉDIO_41-60,7276.0
2_349_AUTOMÓVEL_PEQUENO_0-40,7385.0
2_349_AUTOMÓVEL_PEQUENO_0-40 4_349_AUTOMÓVEL_MÉDIO_41-60,7280.0
2_349_AUTOMÓVEL_PEQUENO_0-40 2_349_AUTOMÓVEL_PEQUENO_41-60,7271.0
2_349_AUTOMÓVEL_PEQUENO_0-40 2_349_AUTOMÓVEL_MÉDIO_41-60,7271.0
2_349_AUTOMÓVEL_PEQUENO_0-40 2_350_AUTOMÓVEL_MÉDIO_41-60,7288.0
2_328_AUTOMÓVEL_PEQUENO_41-60,7442.0
2_328_AUTOMÓVEL_PEQUENO_41-60 1_328_AUTOMÓVEL_PEQUENO_41-60,7250.0
2_328_AUTOMÓVEL_PEQUENO_41-60 2_328_AUTOMÓVEL_MÉDIO_41-60,7314.0
2_328_AUTOMÓVEL_PEQUENO_41-60 3_349_AUTOMÓVEL_MÉDIO_41-60,7271.0
2_328_AUTOMÓVEL_PEQUENO_41-60 4_349_AUTOMÓVEL_MÉDIO_41-60,7307.0
2_328_AUTOMÓVEL_PEQUENO_41-60 2_349_AUTOMÓVEL_PEQUENO_41-60,7312.0
2_328_AUTOMÓVEL_PEQUENO_41-60 2_349_AUTOMÓVEL_MÉDIO_41-60,7317.0
2_328_AUTOMÓVEL_PEQUENO_41-60 2_350_AUTOMÓVEL_MÉDIO_41-60,7322.0
1_328_AUTOMÓVEL_PEQUENO_41-60,7517.0
1_328_AUTOMÓVEL_PEQUENO_41-60 2_328_AUTOMÓVEL_MÉDIO_41-60,7389.0
1_328_AUTOMÓVEL_PEQUENO_41-60 2_328_AUTOMÓVEL_MÉDIO_41-60 4_349_AUTOMÓVEL_MÉDIO_41-60,7267.0
1_328_AUTOMÓVEL_PEQUENO_41-60 2_328_AUTOMÓVEL_MÉDIO_41-60 2_349_AUTOMÓVEL_PEQUENO_41-60,7275.0
1_328_AUTOMÓVEL_PEQUENO_41-60 2_328_AUTOMÓVEL_MÉDIO_41-60 2_349_AUTOMÓVEL_MÉDIO_41-60,7268.0
1_328_AUTOMÓVEL_PEQUENO_41-60 2_328_AUTOMÓVEL_MÉDIO_41-60 2_350_AUTOMÓVEL_MÉDIO_41-60,7287.0
1_328_AUTOMÓVEL_PEQUENO_41-60 1_349_AUTOMÓVEL_PEQUENO_41-60,7272.0
1_328_AUTOMÓVEL_PEQUENO_41-60 2_366_AUTOMÓVEL_MÉDIO_41-60,7250.0
1_328_AUTOMÓVEL_PEQUENO_41-60 3_349_AUTOMÓVEL_MÉDIO_41-60,7338.0
1_328_AUTOMÓVEL_PEQUENO_41-60 3_349_AUTOMÓVEL_MÉDIO_41-60 4_349_AUTOMÓVEL_MÉDIO_41-60,7248.0
1_328_AUTOMÓVEL_PEQUENO_41-60 3_349_AUTOMÓVEL_MÉDIO_41-60 2_349_AUTOMÓVEL_PEQUENO_41-60,7263.0
1_328_AUTOMÓVEL_PEQUENO_41-60 3_349_AUTOMÓVEL_MÉDIO_41-60 2_349_AUTOMÓVEL_MÉDIO_41-60,7255.0
1_328_AUTOMÓVEL_PEQUENO_41-60 4_349_AUTOMÓVEL_MÉDIO_41-60,7380.0
1_328_AUTOMÓVEL_PEQUENO_41-60 4_349_AUTOMÓVEL_MÉDIO_41-60 2_349_AUTOMÓVEL_PEQUENO_41-60,7284.0
1_328_AUTOMÓVEL_PEQUENO_41-60 4_349_AUTOMÓVEL_MÉDIO_41-60 2_349_AUTOMÓVEL_MÉDIO_41-60,7282.0
1_328_AUTOMÓVEL_PEQUENO_41-60 4_349_AUTOMÓVEL_MÉDIO_41-60 2_350_AUTOMÓVEL_MÉDIO_41-60,7285.0
1_328_AUTOMÓVEL_PEQUENO_41-60 2_349_AUTOMÓVEL_PEQUENO_41-60,7390.0
1_328_AUTOMÓVEL_PEQUENO_41-60 2_349_AUTOMÓVEL_PEQUENO_41-60 2_349_AUTOMÓVEL_MÉDIO_41-60,7312.0
1_328_AUTOMÓVEL_PEQUENO_41-60 2_349_AUTOMÓVEL_PEQUENO_41-60 2_350_AUTOMÓVEL_MÉDIO_41-60,7289.0
1_328_AUTOMÓVEL_PEQUENO_41-60 2_349_AUTOMÓVEL_MÉDIO_41-60,7385.0
1_328_AUTOMÓVEL_PEQUENO_41-60 2_349_AUTOMÓVEL_MÉDIO_41-60 2_350_AUTOMÓVEL_MÉDIO_41-60,7285.0
1_328_AUTOMÓVEL_PEQUENO_41-60 2_350_AUTOMÓVEL_MÉDIO_41-60,7399.0
4_370_AUTOMÓVEL_MÉDIO_0-40,7633.0
4_370_AUTOMÓVEL_MÉDIO_0-40 2_328_AUTOMÓVEL_MÉDIO_41-60,7289.0
4_370_AUTOMÓVEL_MÉDIO_0-40 1_349_AUTOMÓVEL_PEQUENO_41-60,7389.0
4_370_AUTOMÓVEL_MÉDIO_0-40 1_349_AUTOMÓVEL_PEQUENO_41-60 3_349_AUTOMÓVEL_MÉDIO_41-60,7299.0
4_370_AUTOMÓVEL_MÉDIO_0-40 1_349_AUTOMÓVEL_PEQUENO_41-60 3_349_AUTOMÓVEL_MÉDIO_41-60 2_349_AUTOMÓVEL_PEQUENO_41-60,7248.0
4_370_AUTOMÓVEL_MÉDIO_0-40 1_349_AUTOMÓVEL_PEQUENO_41-60 3_349_AUTOMÓVEL_MÉDIO_41-60 2_349_AUTOMÓVEL_MÉDIO_41-60,7249.0
4_370_AUTOMÓVEL_MÉDIO_0-40 1_349_AUTOMÓVEL_PEQUENO_41-60 3_349_AUTOMÓVEL_MÉDIO_41-60 2_350_AUTOMÓVEL_MÉDIO_41-60,7247.0
4_370_AUTOMÓVEL_MÉDIO_0-40 1_349_AUTOMÓVEL_PEQUENO_41-60 4_349_AUTOMÓVEL_MÉDIO_41-60,7305.0
4_370_AUTOMÓVEL_MÉDIO_0-40 1_349_AUTOMÓVEL_PEQUENO_41-60 4_349_AUTOMÓVEL_MÉDIO_41-60 2_349_AUTOMÓVEL_PEQUENO_41-60,7255.0
4_370_AUTOMÓVEL_MÉDIO_0-40 1_349_AUTOMÓVEL_PEQUENO_41-60 4_349_AUTOMÓVEL_MÉDIO_41-60 2_349_AUTOMÓVEL_MÉDIO_41-60,7254.0
4_370_AUTOMÓVEL_MÉDIO_0-40 1_349_AUTOMÓVEL_PEQUENO_41-60 4_349_AUTOMÓVEL_MÉDIO_41-60 2_350_AUTOMÓVEL_MÉDIO_41-60,7256.0
4_370_AUTOMÓVEL_MÉDIO_0-40 1_349_AUTOMÓVEL_PEQUENO_41-60 2_349_AUTOMÓVEL_PEQUENO_41-60,7327.0
4_370_AUTOMÓVEL_MÉDIO_0-40 1_349_AUTOMÓVEL_PEQUENO_41-60 2_349_AUTOMÓVEL_PEQUENO_41-60 2_349_AUTOMÓVEL_MÉDIO_41-60,7279.0
4_370_AUTOMÓVEL_MÉDIO_0-40 1_349_AUTOMÓVEL_PEQUENO_41-60 2_349_AUTOMÓVEL_PEQUENO_41-60 2_350_AUTOMÓVEL_MÉDIO_41-60,7271.0
4_370_AUTOMÓVEL_MÉDIO_0-40 1_349_AUTOMÓVEL_PEQUENO_41-60 2_349_AUTOMÓVEL_MÉDIO_41-60,7327.0
4_370_AUTOMÓVEL_MÉDIO_0-40 1_349_AUTOMÓVEL_PEQUENO_41-60 2_349_AUTOMÓVEL_MÉDIO_41-60 2_350_AUTOMÓVEL_MÉDIO_41-60,7266.0
4_370_AUTOMÓVEL_MÉDIO_0-40 1_349_AUTOMÓVEL_PEQUENO_41-60 2_350_AUTOMÓVEL_MÉDIO_41-60,7325.0
4_370_AUTOMÓVEL_MÉDIO_0-40 2_366_AUTOMÓVEL_MÉDIO_41-60,7388.0
4_370_AUTOMÓVEL_MÉDIO_0-40 2_366_AUTOMÓVEL_MÉDIO_41-60 4_349_AUTOMÓVEL_MÉDIO_41-60,7274.0
4_370_AUTOMÓVEL_MÉDIO_0-40 2_366_AUTOMÓVEL_MÉDIO_41-60 2_349_AUTOMÓVEL_PEQUENO_41-60,7265.0
4_370_AUTOMÓVEL_MÉDIO_0-40 2_366_AUTOMÓVEL_MÉDIO_41-60 2_349_AUTOMÓVEL_MÉDIO_41-60,7255.0
4_370_AUTOMÓVEL_MÉDIO_0-40 2_366_AUTOMÓVEL_MÉDIO_41-60 2_350_AUTOMÓVEL_MÉDIO_41-60,7318.0
4_370_AUTOMÓVEL_MÉDIO_0-40 3_349_AUTOMÓVEL_MÉDIO_41-60,7463.0
4_370_AUTOMÓVEL_MÉDIO_0-40 3_349_AUTOMÓVEL_MÉDIO_41-60 4_349_AUTOMÓVEL_MÉDIO_41-60,7374.0
4_370_AUTOMÓVEL_MÉDIO_0-40 3_349_AUTOMÓVEL_MÉDIO_41-60 4_349_AUTOMÓVEL_MÉDIO_41-60 2_349_AUTOMÓVEL_PEQUENO_41-60,7304.0
4_370_AUTOMÓVEL_MÉDIO_0-40 3_349_AUTOMÓVEL_MÉDIO_41-60 4_349_AUTOMÓVEL_MÉDIO_41-60 2_349_AUTOMÓVEL_PEQUENO_41-60 2_349_AUTOMÓVEL_MÉDIO_41-60,7251.0
4_370_AUTOMÓVEL_MÉDIO_0-40 3_349_AUTOMÓVEL_MÉDIO_41-60 4_349_AUTOMÓVEL_MÉDIO_41-60 2_349_AUTOMÓVEL_PEQUENO_41-60 2_350_AUTOMÓVEL_MÉDIO_41-60,7255.0
4_370_AUTOMÓVEL_MÉDIO_0-40 3_349_AUTOMÓVEL_MÉDIO_41-60 4_349_AUTOMÓVEL_MÉDIO_41-60 2_349_AUTOMÓVEL_MÉDIO_41-60,7302.0
4_370_AUTOMÓVEL_MÉDIO_0-40 3_349_AUTOMÓVEL_MÉDIO_41-60 4_349_AUTOMÓVEL_MÉDIO_41-60 2_349_AUTOMÓVEL_MÉDIO_41-60 2_350_AUTOMÓVEL_MÉDIO_41-60,7247.0
4_370_AUTOMÓVEL_MÉDIO_0-40 3_349_AUTOMÓVEL_MÉDIO_41-60 4_349_AUTOMÓVEL_MÉDIO_41-60 2_350_AUTOMÓVEL_MÉDIO_41-60,7314.0
4_370_AUTOMÓVEL_MÉDIO_0-40 3_349_AUTOMÓVEL_MÉDIO_41-60 2_349_AUTOMÓVEL_PEQUENO_41-60,7381.0
4_370_AUTOMÓVEL_MÉDIO_0-40 3_349_AUTOMÓVEL_MÉDIO_41-60 2_349_AUTOMÓVEL_PEQUENO_41-60 2_349_AUTOMÓVEL_MÉDIO_41-60,7317.0
4_370_AUTOMÓVEL_MÉDIO_0-40 3_349_AUTOMÓVEL_MÉDIO_41-60 2_349_AUTOMÓVEL_PEQUENO_41-60 2_349_AUTOMÓVEL_MÉDIO_41-60 2_350_AUTOMÓVEL_MÉDIO_41-60,7260.0
4_370_AUTOMÓVEL_MÉDIO_0-40 3_349_AUTOMÓVEL_MÉDIO_41-60 2_349_AUTOMÓVEL_PEQUENO_41-60 2_350_AUTOMÓVEL_MÉDIO_41-60,7320.0
4_370_AUTOMÓVEL_MÉDIO_0-40 3_349_AUTOMÓVEL_MÉDIO_41-60 2_349_AUTOMÓVEL_MÉDIO_41-60,7376.0
4_370_AUTOMÓVEL_MÉDIO_0-40 3_349_AUTOMÓVEL_MÉDIO_41-60 2_349_AUTOMÓVEL_MÉDIO_41-60 2_350_AUTOMÓVEL_MÉDIO_41-60,7309.0
4_370_AUTOMÓVEL_MÉDIO_0-40 3_349_AUTOMÓVEL_MÉDIO_41-60 2_350_AUTOMÓVEL_MÉDIO_41-60,7389.0
4_370_AUTOMÓVEL_MÉDIO_0-40 4_349_AUTOMÓVEL_MÉDIO_41-60,7497.0
4_370_AUTOMÓVEL_MÉDIO_0-40 4_349_AUTOMÓVEL_MÉDIO_41-60 2_349_AUTOMÓVEL_PEQUENO_41-60,7395.0
4_370_AUTOMÓVEL_MÉDIO_0-40 4_349_AUTOMÓVEL_MÉDIO_41-60 2_349_AUTOMÓVEL_PEQUENO_41-60 2_349_AUTOMÓVEL_MÉDIO_41-60,7331.0
4_370_AUTOMÓVEL_MÉDIO_0-40 4_349_AUTOMÓVEL_MÉDIO_41-60 2_349_AUTOMÓVEL_PEQUENO_41-60 2_349_AUTOMÓVEL_MÉDIO_41-60 2_350_AUTOMÓVEL_MÉDIO_41-60,7275.0
4_370_AUTOMÓVEL_MÉDIO_0-40 4_349_AUTOMÓVEL_MÉDIO_41-60 2_349_AUTOMÓVEL_PEQUENO_41-60 2_350_AUTOMÓVEL_MÉDIO_41-60,7335.0
4_370_AUTOMÓVEL_MÉDIO_0-40 4_349_AUTOMÓVEL_MÉDIO_41-60 2_349_AUTOMÓVEL_MÉDIO_41-60,7390.0
4_370_AUTOMÓVEL_MÉDIO_0-40 4_349_AUTOMÓVEL_MÉDIO_41-60 2_349_AUTOMÓVEL_MÉDIO_41-60 2_350_AUTOMÓVEL_MÉDIO_41-60,7325.0
4_370_AUTOMÓVEL_MÉDIO_0-40 4_349_AUTOMÓVEL_MÉDIO_41-60 2_350_AUTOMÓVEL_MÉDIO_41-60,7425.0
4_370_AUTOMÓVEL_MÉDIO_0-40 2_349_AUTOMÓVEL_PEQUENO_41-60,7493.0
4_370_AUTOMÓVEL_MÉDIO_0-40 2_349_AUTOMÓVEL_PEQUENO_41-60 2_349_AUTOMÓVEL_MÉDIO_41-60,7416.0
4_370_AUTOMÓVEL_MÉDIO_0-40 2_349_AUTOMÓVEL_PEQUENO_41-60 2_349_AUTOMÓVEL_MÉDIO_41-60 2_350_AUTOMÓVEL_MÉDIO_41-60,7346.0
4_370_AUTOMÓVEL_MÉDIO_0-40 2_349_AUTOMÓVEL_PEQUENO_41-60 2_350_AUTOMÓVEL_MÉDIO_41-60,7416.0
4_370_AUTOMÓVEL_MÉDIO_0-40 2_349_AUTOMÓVEL_MÉDIO_41-60,7488.0
4_370_AUTOMÓVEL_MÉDIO_0-40 2_349_AUTOMÓVEL_MÉDIO_41-60 2_350_AUTOMÓVEL_MÉDIO_41-60,7406.0
4_370_AUTOMÓVEL_MÉDIO_0-40 2_350_AUTOMÓVEL_MÉDIO_41-60,7540.0
2_328_AUTOMÓVEL_MÉDIO_41-60,7649.0
2_328_AUTOMÓVEL_MÉDIO_41-60 1_349_AUTOMÓVEL_PEQUENO_41-60,7364.0
2_328_AUTOMÓVEL_MÉDIO_41-60 1_349_AUTOMÓVEL_PEQUENO_41-60 3_349_AUTOMÓVEL_MÉDIO_41-60,7248.0
2_328_AUTOMÓVEL_MÉDIO_41-60 1_349_AUTOMÓVEL_PEQUENO_41-60 4_349_AUTOMÓVEL_MÉDIO_41-60,7259.0
2_328_AUTOMÓVEL_MÉDIO_41-60 1_349_AUTOMÓVEL_PEQUENO_41-60 2_349_AUTOMÓVEL_PEQUENO_41-60,7287.0
2_328_AUTOMÓVEL_MÉDIO_41-60 1_349_AUTOMÓVEL_PEQUENO_41-60 2_349_AUTOMÓVEL_MÉDIO_41-60,7290.0
2_328_AUTOMÓVEL_MÉDIO_41-60 1_349_AUTOMÓVEL_PEQUENO_41-60 2_350_AUTOMÓVEL_MÉDIO_41-60,7269.0
2_328_AUTOMÓVEL_MÉDIO_41-60 2_366_AUTOMÓVEL_MÉDIO_41-60,7349.0
2_328_AUTOMÓVEL_MÉDIO_41-60 3_349_AUTOMÓVEL_MÉDIO_41-60,7446.0
2_328_AUTOMÓVEL_MÉDIO_41-60 3_349_AUTOMÓVEL_MÉDIO_41-60 4_349_AUTOMÓVEL_MÉDIO_41-60,7334.0
2_328_AUTOMÓVEL_MÉDIO_41-60 3_349_AUTOMÓVEL_MÉDIO_41-60 4_349_AUTOMÓVEL_MÉDIO_41-60 2_349_AUTOMÓVEL_PEQUENO_41-60,7258.0
2_328_AUTOMÓVEL_MÉDIO_41-60 3_349_AUTOMÓVEL_MÉDIO_41-60 4_349_AUTOMÓVEL_MÉDIO_41-60 2_349_AUTOMÓVEL_MÉDIO_41-60,7256.0
2_328_AUTOMÓVEL_MÉDIO_41-60 3_349_AUTOMÓVEL_MÉDIO_41-60 2_349_AUTOMÓVEL_PEQUENO_41-60,7356.0
2_328_AUTOMÓVEL_MÉDIO_41-60 3_349_AUTOMÓVEL_MÉDIO_41-60 2_349_AUTOMÓVEL_PEQUENO_41-60 2_349_AUTOMÓVEL_MÉDIO_41-60,7281.0
2_328_AUTOMÓVEL_MÉDIO_41-60 3_349_AUTOMÓVEL_MÉDIO_41-60 2_349_AUTOMÓVEL_PEQUENO_41-60 2_350_AUTOMÓVEL_MÉDIO_41-60,7252.0
2_328_AUTOMÓVEL_MÉDIO_41-60 3_349_AUTOMÓVEL_MÉDIO_41-60 2_349_AUTOMÓVEL_MÉDIO_41-60,7349.0
2_328_AUTOMÓVEL_MÉDIO_41-60 3_349_AUTOMÓVEL_MÉDIO_41-60 2_349_AUTOMÓVEL_MÉDIO_41-60 2_350_AUTOMÓVEL_MÉDIO_41-60,7249.0
2_328_AUTOMÓVEL_MÉDIO_41-60 3_349_AUTOMÓVEL_MÉDIO_41-60 2_350_AUTOMÓVEL_MÉDIO_41-60,7329.0
2_328_AUTOMÓVEL_MÉDIO_41-60 4_349_AUTOMÓVEL_MÉDIO_41-60,7485.0
2_328_AUTOMÓVEL_MÉDIO_41-60 4_349_AUTOMÓVEL_MÉDIO_41-60 2_349_AUTOMÓVEL_PEQUENO_41-60,7376.0
2_328_AUTOMÓVEL_MÉDIO_41-60 4_349_AUTOMÓVEL_MÉDIO_41-60 2_349_AUTOMÓVEL_PEQUENO_41-60 2_349_AUTOMÓVEL_MÉDIO_41-60,7304.0
2_328_AUTOMÓVEL_MÉDIO_41-60 4_349_AUTOMÓVEL_MÉDIO_41-60 2_349_AUTOMÓVEL_PEQUENO_41-60 2_350_AUTOMÓVEL_MÉDIO_41-60,7273.0
2_328_AUTOMÓVEL_MÉDIO_41-60 4_349_AUTOMÓVEL_MÉDIO_41-60 2_349_AUTOMÓVEL_MÉDIO_41-60,7374.0
2_328_AUTOMÓVEL_MÉDIO_41-60 4_349_AUTOMÓVEL_MÉDIO_41-60 2_349_AUTOMÓVEL_MÉDIO_41-60 2_350_AUTOMÓVEL_MÉDIO_41-60,7274.0
2_328_AUTOMÓVEL_MÉDIO_41-60 4_349_AUTOMÓVEL_MÉDIO_41-60 2_350_AUTOMÓVEL_MÉDIO_41-60,7370.0
2_328_AUTOMÓVEL_MÉDIO_41-60 2_349_AUTOMÓVEL_PEQUENO_41-60,7500.0
2_328_AUTOMÓVEL_MÉDIO_41-60 2_349_AUTOMÓVEL_PEQUENO_41-60 2_349_AUTOMÓVEL_MÉDIO_41-60,7411.0
2_328_AUTOMÓVEL_MÉDIO_41-60 2_349_AUTOMÓVEL_PEQUENO_41-60 2_349_AUTOMÓVEL_MÉDIO_41-60 2_350_AUTOMÓVEL_MÉDIO_41-60,7306.0
2_328_AUTOMÓVEL_MÉDIO_41-60 2_349_AUTOMÓVEL_PEQUENO_41-60 2_350_AUTOMÓVEL_MÉDIO_41-60,7377.0
2_328_AUTOMÓVEL_MÉDIO_41-60 2_349_AUTOMÓVEL_MÉDIO_41-60,7498.0
2_328_AUTOMÓVEL_MÉDIO_41-60 2_349_AUTOMÓVEL_MÉDIO_41-60 2_350_AUTOMÓVEL_MÉDIO_41-60,7381.0
2_328_AUTOMÓVEL_MÉDIO_41-60 2_350_AUTOMÓVEL_MÉDIO_41-60,7510.0
1_349_AUTOMÓVEL_PEQUENO_41-60,7706.0
1_349_AUTOMÓVEL_PEQUENO_41-60 2_366_AUTOMÓVEL_MÉDIO_41-60,7442.0
1_349_AUTOMÓVEL_PEQUENO_41-60 2_366_AUTOMÓVEL_MÉDIO_41-60 3_349_AUTOMÓVEL_MÉDIO_41-60,7333.0
1_349_AUTOMÓVEL_PEQUENO_41-60 2_366_AUTOMÓVEL_MÉDIO_41-60 3_349_AUTOMÓVEL_MÉDIO_41-60 4_349_AUTOMÓVEL_MÉDIO_41-60,7259.0
1_349_AUTOMÓVEL_PEQUENO_41-60 2_366_AUTOMÓVEL_MÉDIO_41-60 3_349_AUTOMÓVEL_MÉDIO_41-60 2_349_AUTOMÓVEL_PEQUENO_41-60,7273.0
1_349_AUTOMÓVEL_PEQUENO_41-60 2_366_AUTOMÓVEL_MÉDIO_41-60 3_349_AUTOMÓVEL_MÉDIO_41-60 2_349_AUTOMÓVEL_MÉDIO_41-60,7272.0
1_349_AUTOMÓVEL_PEQUENO_41-60 2_366_AUTOMÓVEL_MÉDIO_41-60 3_349_AUTOMÓVEL_MÉDIO_41-60 2_350_AUTOMÓVEL_MÉDIO_41-60,7261.0
1_349_AUTOMÓVEL_PEQUENO_41-60 2_366_AUTOMÓVEL_MÉDIO_41-60 4_349_AUTOMÓVEL_MÉDIO_41-60,7346.0
1_349_AUTOMÓVEL_PEQUENO_41-60 2_366_AUTOMÓVEL_MÉDIO_41-60 4_349_AUTOMÓVEL_MÉDIO_41-60 2_349_AUTOMÓVEL_PEQUENO_41-60,7285.0
1_349_AUTOMÓVEL_PEQUENO_41-60 2_366_AUTOMÓVEL_MÉDIO_41-60 4_349_AUTOMÓVEL_MÉDIO_41-60 2_349_AUTOMÓVEL_MÉDIO_41-60,7286.0
1_349_AUTOMÓVEL_PEQUENO_41-60 2_366_AUTOMÓVEL_MÉDIO_41-60 4_349_AUTOMÓVEL_MÉDIO_41-60 2_350_AUTOMÓVEL_MÉDIO_41-60,7276.0
1_349_AUTOMÓVEL_PEQUENO_41-60 2_366_AUTOMÓVEL_MÉDIO_41-60 2_349_AUTOMÓVEL_PEQUENO_41-60,7366.0
1_349_AUTOMÓVEL_PEQUENO_41-60 2_366_AUTOMÓVEL_MÉDIO_41-60 2_349_AUTOMÓVEL_PEQUENO_41-60 2_349_AUTOMÓVEL_MÉDIO_41-60,7308.0
1_349_AUTOMÓVEL_PEQUENO_41-60 2_366_AUTOMÓVEL_MÉDIO_41-60 2_349_AUTOMÓVEL_PEQUENO_41-60 2_350_AUTOMÓVEL_MÉDIO_41-60,7287.0
1_349_AUTOMÓVEL_PEQUENO_41-60 2_366_AUTOMÓVEL_MÉDIO_41-60 2_349_AUTOMÓVEL_MÉDIO_41-60,7369.0
1_349_AUTOMÓVEL_PEQUENO_41-60 2_366_AUTOMÓVEL_MÉDIO_41-60 2_349_AUTOMÓVEL_MÉDIO_41-60 2_350_AUTOMÓVEL_MÉDIO_41-60,7290.0
1_349_AUTOMÓVEL_PEQUENO_41-60 2_366_AUTOMÓVEL_MÉDIO_41-60 2_350_AUTOMÓVEL_MÉDIO_41-60,7354.0
1_349_AUTOMÓVEL_PEQUENO_41-60 3_349_AUTOMÓVEL_MÉDIO_41-60,7572.0
1_349_AUTOMÓVEL_PEQUENO_41-60 3_349_AUTOMÓVEL_MÉDIO_41-60 4_349_AUTOMÓVEL_MÉDIO_41-60,7477.0
1_349_AUTOMÓVEL_PEQUENO_41-60 3_349_AUTOMÓVEL_MÉDIO_41-60 4_349_AUTOMÓVEL_MÉDIO_41-60 2_349_AUTOMÓVEL_PEQUENO_41-60,7415.0
1_349_AUTOMÓVEL_PEQUENO_41-60 3_349_AUTOMÓVEL_MÉDIO_41-60 4_349_AUTOMÓVEL_MÉDIO_41-60 2_349_AUTOMÓVEL_PEQUENO_41-60 2_349_AUTOMÓVEL_MÉDIO_41-60,7363.0
1_349_AUTOMÓVEL_PEQUENO_41-60 3_349_AUTOMÓVEL_MÉDIO_41-60 4_349_AUTOMÓVEL_MÉDIO_41-60 2_349_AUTOMÓVEL_PEQUENO_41-60 2_349_AUTOMÓVEL_MÉDIO_41-60 2_350_AUTOMÓVEL_MÉDIO_41-60,7300.0
1_349_AUTOMÓVEL_PEQUENO_41-60 3_349_AUTOMÓVEL_MÉDIO_41-60 4_349_AUTOMÓVEL_MÉDIO_41-60 2_349_AUTOMÓVEL_PEQUENO_41-60 2_350_AUTOMÓVEL_MÉDIO_41-60,7346.0
1_349_AUTOMÓVEL_PEQUENO_41-60 3_349_AUTOMÓVEL_MÉDIO_41-60 4_349_AUTOMÓVEL_MÉDIO_41-60 2_349_AUTOMÓVEL_MÉDIO_41-60,7416.0
1_349_AUTOMÓVEL_PEQUENO_41-60 3_349_AUTOMÓVEL_MÉDIO_41-60 4_349_AUTOMÓVEL_MÉDIO_41-60 2_349_AUTOMÓVEL_MÉDIO_41-60 2_350_AUTOMÓVEL_MÉDIO_41-60,7345.0
1_349_AUTOMÓVEL_PEQUENO_41-60 3_349_AUTOMÓVEL_MÉDIO_41-60 4_349_AUTOMÓVEL_MÉDIO_41-60 2_350_AUTOMÓVEL_MÉDIO_41-60,7399.0
1_349_AUTOMÓVEL_PEQUENO_41-60 3_349_AUTOMÓVEL_MÉDIO_41-60 2_349_AUTOMÓVEL_PEQUENO_41-60,7498.0
1_349_AUTOMÓVEL_PEQUENO_41-60 3_349_AUTOMÓVEL_MÉDIO_41-60 2_349_AUTOMÓVEL_PEQUENO_41-60 2_349_AUTOMÓVEL_MÉDIO_41-60,7438.0
1_349_AUTOMÓVEL_PEQUENO_41-60 3_349_AUTOMÓVEL_MÉDIO_41-60 2_349_AUTOMÓVEL_PEQUENO_41-60 2_349_AUTOMÓVEL_MÉDIO_41-60 2_350_AUTOMÓVEL_MÉDIO_41-60,7365.0
1_349_AUTOMÓVEL_PEQUENO_41-60 3_349_AUTOMÓVEL_MÉDIO_41-60 2_349_AUTOMÓVEL_PEQUENO_41-60 2_350_AUTOMÓVEL_MÉDIO_41-60,7416.0
1_349_AUTOMÓVEL_PEQUENO_41-60 3_349_AUTOMÓVEL_MÉDIO_41-60 2_349_AUTOMÓVEL_MÉDIO_41-60,7498.0
1_349_AUTOMÓVEL_PEQUENO_41-60 3_349_AUTOMÓVEL_MÉDIO_41-60 2_349_AUTOMÓVEL_MÉDIO_41-60 2_350_AUTOMÓVEL_MÉDIO_41-60,7415.0
1_349_AUTOMÓVEL_PEQUENO_41-60 3_349_AUTOMÓVEL_MÉDIO_41-60 2_350_AUTOMÓVEL_MÉDIO_41-60,7479.0
1_349_AUTOMÓVEL_PEQUENO_41-60 4_349_AUTOMÓVEL_MÉDIO_41-60,7585.0
1_349_AUTOMÓVEL_PEQUENO_41-60 4_349_AUTOMÓVEL_MÉDIO_41-60 2_349_AUTOMÓVEL_PEQUENO_41-60,7510.0
1_349_AUTOMÓVEL_PEQUENO_41-60 4_349_AUTOMÓVEL_MÉDIO_41-60 2_349_AUTOMÓVEL_PEQUENO_41-60 2_349_AUTOMÓVEL_MÉDIO_41-60,7452.0
1_349_AUTOMÓVEL_PEQUENO_41-60 4_349_AUTOMÓVEL_MÉDIO_41-60 2_349_AUTOMÓVEL_PEQUENO_41-60 2_349_AUTOMÓVEL_MÉDIO_41-60 2_350_AUTOMÓVEL_MÉDIO_41-60,7376.0
1_349_AUTOMÓVEL_PEQUENO_41-60 4_349_AUTOMÓVEL_MÉDIO_41-60 2_349_AUTOMÓVEL_PEQUENO_41-60 2_350_AUTOMÓVEL_MÉDIO_41-60,7427.0
1_349_AUTOMÓVEL_PEQUENO_41-60 4_349_AUTOMÓVEL_MÉDIO_41-60 2_349_AUTOMÓVEL_MÉDIO_41-60,7514.0
1_349_AUTOMÓVEL_PEQUENO_41-60 4_349_AUTOMÓVEL_MÉDIO_41-60 2_349_AUTOMÓVEL_MÉDIO_41-60 2_350_AUTOMÓVEL_MÉDIO_41-60,7430.0
1_349_AUTOMÓVEL_PEQUENO_41-60 4_349_AUTOMÓVEL_MÉDIO_41-60 2_350_AUTOMÓVEL_MÉDIO_41-60,7493.0
1_349_AUTOMÓVEL_PEQUENO_41-60 2_349_AUTOMÓVEL_PEQUENO_41-60,7613.0
1_349_AUTOMÓVEL_PEQUENO_41-60 2_349_AUTOMÓVEL_PEQUENO_41-60 2_349_AUTOMÓVEL_MÉDIO_41-60,7545.0
1_349_AUTOMÓVEL_PEQUENO_41-60 2_349_AUTOMÓVEL_PEQUENO_41-60 2_349_AUTOMÓVEL_MÉDIO_41-60 2_350_AUTOMÓVEL_MÉDIO_41-60,7454.0
1_349_AUTOMÓVEL_PEQUENO_41-60 2_349_AUTOMÓVEL_PEQUENO_41-60 2_350_AUTOMÓVEL_MÉDIO_41-60,7511.0
1_349_AUTOMÓVEL_PEQUENO_41-60 2_349_AUTOMÓVEL_MÉDIO_41-60,7619.0
1_349_AUTOMÓVEL_PEQUENO_41-60 2_349_AUTOMÓVEL_MÉDIO_41-60 2_350_AUTOMÓVEL_MÉDIO_41-60,7517.0
1_349_AUTOMÓVEL_PEQUENO_41-60 2_350_AUTOMÓVEL_MÉDIO_41-60,7592.0
2_366_AUTOMÓVEL_MÉDIO_41-60,7707.0
2_366_AUTOMÓVEL_MÉDIO_41-60 3_349_AUTOMÓVEL_MÉDIO_41-60,7509.0
2_366_AUTOMÓVEL_MÉDIO_41-60 3_349_AUTOMÓVEL_MÉDIO_41-60 4_349_AUTOMÓVEL_MÉDIO_41-60,7411.0
2_366_AUTOMÓVEL_MÉDIO_41-60 3_349_AUTOMÓVEL_MÉDIO_41-60 4_349_AUTOMÓVEL_MÉDIO_41-60 2_349_AUTOMÓVEL_PEQUENO_41-60,7333.0
2_366_AUTOMÓVEL_MÉDIO_41-60 3_349_AUTOMÓVEL_MÉDIO_41-60 4_349_AUTOMÓVEL_MÉDIO_41-60 2_349_AUTOMÓVEL_PEQUENO_41-60 2_349_AUTOMÓVEL_MÉDIO_41-60,7271.0
2_366_AUTOMÓVEL_MÉDIO_41-60 3_349_AUTOMÓVEL_MÉDIO_41-60 4_349_AUTOMÓVEL_MÉDIO_41-60 2_349_AUTOMÓVEL_PEQUENO_41-60 2_350_AUTOMÓVEL_MÉDIO_41-60,7257.0
2_366_AUTOMÓVEL_MÉDIO_41-60 3_349_AUTOMÓVEL_MÉDIO_41-60 4_349_AUTOMÓVEL_MÉDIO_41-60 2_349_AUTOMÓVEL_MÉDIO_41-60,7329.0
2_366_AUTOMÓVEL_MÉDIO_41-60 3_349_AUTOMÓVEL_MÉDIO_41-60 4_349_AUTOMÓVEL_MÉDIO_41-60 2_349_AUTOMÓVEL_MÉDIO_41-60 2_350_AUTOMÓVEL_MÉDIO_41-60,7253.0
2_366_AUTOMÓVEL_MÉDIO_41-60 3_349_AUTOMÓVEL_MÉDIO_41-60 4_349_AUTOMÓVEL_MÉDIO_41-60 2_350_AUTOMÓVEL_MÉDIO_41-60,7324.0
2_366_AUTOMÓVEL_MÉDIO_41-60 3_349_AUTOMÓVEL_MÉDIO_41-60 2_349_AUTOMÓVEL_PEQUENO_41-60,7419.0
2_366_AUTOMÓVEL_MÉDIO_41-60 3_349_AUTOMÓVEL_MÉDIO_41-60 2_349_AUTOMÓVEL_PEQUENO_41-60 2_349_AUTOMÓVEL_MÉDIO_41-60,7344.0
2_366_AUTOMÓVEL_MÉDIO_41-60 3_349_AUTOMÓVEL_MÉDIO_41-60 2_349_AUTOMÓVEL_PEQUENO_41-60 2_349_AUTOMÓVEL_MÉDIO_41-60 2_350_AUTOMÓVEL_MÉDIO_41-60,7265.0
2_366_AUTOMÓVEL_MÉDIO_41-60 3_349_AUTOMÓVEL_MÉDIO_41-60 2_349_AUTOMÓVEL_PEQUENO_41-60 2_350_AUTOMÓVEL_MÉDIO_41-60,7330.0
2_366_AUTOMÓVEL_MÉDIO_41-60 3_349_AUTOMÓVEL_MÉDIO_41-60 2_349_AUTOMÓVEL_MÉDIO_41-60,7411.0
2_366_AUTOMÓVEL_MÉDIO_41-60 3_349_AUTOMÓVEL_MÉDIO_41-60 2_349_AUTOMÓVEL_MÉDIO_41-60 2_350_AUTOMÓVEL_MÉDIO_41-60,7323.0
2_366_AUTOMÓVEL_MÉDIO_41-60 3_349_AUTOMÓVEL_MÉDIO_41-60 2_350_AUTOMÓVEL_MÉDIO_41-60,7407.0
2_366_AUTOMÓVEL_MÉDIO_41-60 4_349_AUTOMÓVEL_MÉDIO_41-60,7555.0
2_366_AUTOMÓVEL_MÉDIO_41-60 4_349_AUTOMÓVEL_MÉDIO_41-60 2_349_AUTOMÓVEL_PEQUENO_41-60,7441.0
2_366_AUTOMÓVEL_MÉDIO_41-60 4_349_AUTOMÓVEL_MÉDIO_41-60 2_349_AUTOMÓVEL_PEQUENO_41-60 2_349_AUTOMÓVEL_MÉDIO_41-60,7369.0
2_366_AUTOMÓVEL_MÉDIO_41-60 4_349_AUTOMÓVEL_MÉDIO_41-60 2_349_AUTOMÓVEL_PEQUENO_41-60 2_349_AUTOMÓVEL_MÉDIO_41-60 2_350_AUTOMÓVEL_MÉDIO_41-60,7290.0
2_366_AUTOMÓVEL_MÉDIO_41-60 4_349_AUTOMÓVEL_MÉDIO_41-60 2_349_AUTOMÓVEL_PEQUENO_41-60 2_350_AUTOMÓVEL_MÉDIO_41-60,7354.0
2_366_AUTOMÓVEL_MÉDIO_41-60 4_349_AUTOMÓVEL_MÉDIO_41-60 2_349_AUTOMÓVEL_MÉDIO_41-60,7439.0
2_366_AUTOMÓVEL_MÉDIO_41-60 4_349_AUTOMÓVEL_MÉDIO_41-60 2_349_AUTOMÓVEL_MÉDIO_41-60 2_350_AUTOMÓVEL_MÉDIO_41-60,7352.0
2_366_AUTOMÓVEL_MÉDIO_41-60 4_349_AUTOMÓVEL_MÉDIO_41-60 2_350_AUTOMÓVEL_MÉDIO_41-60,7456.0
2_366_AUTOMÓVEL_MÉDIO_41-60 2_349_AUTOMÓVEL_PEQUENO_41-60,7551.0
2_366_AUTOMÓVEL_MÉDIO_41-60 2_349_AUTOMÓVEL_PEQUENO_41-60 2_349_AUTOMÓVEL_MÉDIO_41-60,7464.0
2_366_AUTOMÓVEL_MÉDIO_41-60 2_349_AUTOMÓVEL_PEQUENO_41-60 2_349_AUTOMÓVEL_MÉDIO_41-60 2_350_AUTOMÓVEL_MÉDIO_41-60,7370.0
2_366_AUTOMÓVEL_MÉDIO_41-60 2_349_AUTOMÓVEL_PEQUENO_41-60 2_350_AUTOMÓVEL_MÉDIO_41-60,7445.0
2_366_AUTOMÓVEL_MÉDIO_41-60 2_349_AUTOMÓVEL_MÉDIO_41-60,7551.0
2_366_AUTOMÓVEL_MÉDIO_41-60 2_349_AUTOMÓVEL_MÉDIO_41-60 2_350_AUTOMÓVEL_MÉDIO_41-60,7444.0
2_366_AUTOMÓVEL_MÉDIO_41-60 2_350_AUTOMÓVEL_MÉDIO_41-60,7583.0
3_349_AUTOMÓVEL_MÉDIO_41-60,7809.0
3_349_AUTOMÓVEL_MÉDIO_41-60 4_349_AUTOMÓVEL_MÉDIO_41-60,7680.0
3_349_AUTOMÓVEL_MÉDIO_41-60 4_349_AUTOMÓVEL_MÉDIO_41-60 2_349_AUTOMÓVEL_PEQUENO_41-60,7584.0
3_349_AUTOMÓVEL_MÉDIO_41-60 4_349_AUTOMÓVEL_MÉDIO_41-60 2_349_AUTOMÓVEL_PEQUENO_41-60 2_349_AUTOMÓVEL_MÉDIO_41-60,7510.0
3_349_AUTOMÓVEL_MÉDIO_41-60 4_349_AUTOMÓVEL_MÉDIO_41-60 2_349_AUTOMÓVEL_PEQUENO_41-60 2_349_AUTOMÓVEL_MÉDIO_41-60 2_350_AUTOMÓVEL_MÉDIO_41-60,7417.0
3_349_AUTOMÓVEL_MÉDIO_41-60 4_349_AUTOMÓVEL_MÉDIO_41-60 2_349_AUTOMÓVEL_PEQUENO_41-60 2_350_AUTOMÓVEL_MÉDIO_41-60,7481.0
3_349_AUTOMÓVEL_MÉDIO_41-60 4_349_AUTOMÓVEL_MÉDIO_41-60 2_349_AUTOMÓVEL_MÉDIO_41-60,7582.0
3_349_AUTOMÓVEL_MÉDIO_41-60 4_349_AUTOMÓVEL_MÉDIO_41-60 2_349_AUTOMÓVEL_MÉDIO_41-60 2_350_AUTOMÓVEL_MÉDIO_41-60,7478.0
3_349_AUTOMÓVEL_MÉDIO_41-60 4_349_AUTOMÓVEL_MÉDIO_41-60 2_350_AUTOMÓVEL_MÉDIO_41-60,7561.0
3_349_AUTOMÓVEL_MÉDIO_41-60 2_349_AUTOMÓVEL_PEQUENO_41-60,7697.0
3_349_AUTOMÓVEL_MÉDIO_41-60 2_349_AUTOMÓVEL_PEQUENO_41-60 2_349_AUTOMÓVEL_MÉDIO_41-60,7606.0
3_349_AUTOMÓVEL_MÉDIO_41-60 2_349_AUTOMÓVEL_PEQUENO_41-60 2_349_AUTOMÓVEL_MÉDIO_41-60 2_350_AUTOMÓVEL_MÉDIO_41-60,7501.0
3_349_AUTOMÓVEL_MÉDIO_41-60 2_349_AUTOMÓVEL_PEQUENO_41-60 2_350_AUTOMÓVEL_MÉDIO_41-60,7576.0
3_349_AUTOMÓVEL_MÉDIO_41-60 2_349_AUTOMÓVEL_MÉDIO_41-60,7689.0
3_349_AUTOMÓVEL_MÉDIO_41-60 2_349_AUTOMÓVEL_MÉDIO_41-60 2_350_AUTOMÓVEL_MÉDIO_41-60,7571.0
3_349_AUTOMÓVEL_MÉDIO_41-60 2_350_AUTOMÓVEL_MÉDIO_41-60,7670.0
4_349_AUTOMÓVEL_MÉDIO_41-60,7858.0
4_349_AUTOMÓVEL_MÉDIO_41-60 2_349_AUTOMÓVEL_PEQUENO_41-60,7722.0
4_349_AUTOMÓVEL_MÉDIO_41-60 2_349_AUTOMÓVEL_PEQUENO_41-60 2_349_AUTOMÓVEL_MÉDIO_41-60,7635.0
4_349_AUTOMÓVEL_MÉDIO_41-60 2_349_AUTOMÓVEL_PEQUENO_41-60 2_349_AUTOMÓVEL_MÉDIO_41-60 2_350_AUTOMÓVEL_MÉDIO_41-60,7527.0
4_349_AUTOMÓVEL_MÉDIO_41-60 2_349_AUTOMÓVEL_PEQUENO_41-60 2_350_AUTOMÓVEL_MÉDIO_41-60,7601.0
4_349_AUTOMÓVEL_MÉDIO_41-60 2_349_AUTOMÓVEL_MÉDIO_41-60,7723.0
4_349_AUTOMÓVEL_MÉDIO_41-60 2_349_AUTOMÓVEL_MÉDIO_41-60 2_350_AUTOMÓVEL_MÉDIO_41-60,7603.0
4_349_AUTOMÓVEL_MÉDIO_41-60 2_350_AUTOMÓVEL_MÉDIO_41-60,7720.0
2_349_AUTOMÓVEL_PEQUENO_41-60,7869.0
2_349_AUTOMÓVEL_PEQUENO_41-60 2_349_AUTOMÓVEL_MÉDIO_41-60,7762.0
2_349_AUTOMÓVEL_PEQUENO_41-60 2_349_AUTOMÓVEL_MÉDIO_41-60 2_350_AUTOMÓVEL_MÉDIO_41-60,7635.0
2_349_AUTOMÓVEL_PEQUENO_41-60 2_350_AUTOMÓVEL_MÉDIO_41-60,7721.0
2_349_AUTOMÓVEL_MÉDIO_41-60,7870.0
2_349_AUTOMÓVEL_MÉDIO_41-60 2_350_AUTOMÓVEL_MÉDIO_41-60,7726.0
2_350_AUTOMÓVEL_MÉDIO_41-60,7881.0
