Pattern,#SUP:,#CONF:,#LIFT:
1_349_AUTOMÓVEL_MÉDIO_41-60 1_349_AUTOMÓVEL_PEQUENO_0-40 1_349_AUTOMÓVEL_PEQUENO_41-60 1_350_AUTOMÓVEL_MÉDIO_41-60 3_366_AUTOMÓVEL_MÉDIO_41-60 ==> 1_366_AUTOMÓVEL_MÉDIO_41-60,6065.0,0.9561721582847234,1.1609014201611265
1_349_AUTOMÓVEL_MÉDIO_41-60 1_349_AUTOMÓVEL_PEQUENO_0-40 1_350_AUTOMÓVEL_MÉDIO_41-60 2_349_AUTOMÓVEL_MÉDIO_41-60 3_366_AUTOMÓVEL_MÉDIO_41-60 ==> 1_366_AUTOMÓVEL_MÉDIO_41-60,6062.0,0.9560006308153288,1.1606931663638462
1_349_AUTOMÓVEL_MÉDIO_41-60 1_349_AUTOMÓVEL_PEQUENO_0-40 1_350_AUTOMÓVEL_MÉDIO_41-60 3_349_AUTOMÓVEL_MÉDIO_41-60 3_366_AUTOMÓVEL_MÉDIO_41-60 ==> 1_366_AUTOMÓVEL_MÉDIO_41-60,6067.0,0.9558846699227982,1.160552376691552
1_349_AUTOMÓVEL_MÉDIO_41-60 1_349_AUTOMÓVEL_PEQUENO_0-40 1_350_AUTOMÓVEL_MÉDIO_41-60 3_366_AUTOMÓVEL_MÉDIO_41-60 4_349_AUTOMÓVEL_MÉDIO_41-60 ==> 1_366_AUTOMÓVEL_MÉDIO_41-60,6068.0,0.9558916194076874,1.1605608141542068
1_349_AUTOMÓVEL_MÉDIO_41-60 1_350_AUTOMÓVEL_MÉDIO_41-60 2_349_AUTOMÓVEL_PEQUENO_0-40 3_366_AUTOMÓVEL_MÉDIO_41-60 4_370_AUTOMÓVEL_MÉDIO_0-40 ==> 1_366_AUTOMÓVEL_MÉDIO_41-60,6050.0,0.9560682680151706,1.160775285593811
1_349_AUTOMÓVEL_MÉDIO_41-60 1_349_AUTOMÓVEL_PEQUENO_0-40 1_349_AUTOMÓVEL_PEQUENO_41-60 1_350_AUTOMÓVEL_MÉDIO_41-60 2_349_AUTOMÓVEL_MÉDIO_41-60 3_366_AUTOMÓVEL_MÉDIO_41-60 ==> 1_366_AUTOMÓVEL_MÉDIO_41-60,6056.0,0.9568652235740244,1.1617428800087521
1_349_AUTOMÓVEL_MÉDIO_41-60 1_349_AUTOMÓVEL_PEQUENO_0-40 1_349_AUTOMÓVEL_PEQUENO_41-60 1_350_AUTOMÓVEL_MÉDIO_41-60 2_349_AUTOMÓVEL_PEQUENO_41-60 3_366_AUTOMÓVEL_MÉDIO_41-60 ==> 1_366_AUTOMÓVEL_MÉDIO_41-60,6060.0,0.9562884645731419,1.1610426291831935
1_349_AUTOMÓVEL_MÉDIO_41-60 1_349_AUTOMÓVEL_PEQUENO_0-40 1_349_AUTOMÓVEL_PEQUENO_41-60 1_350_AUTOMÓVEL_MÉDIO_41-60 2_350_AUTOMÓVEL_MÉDIO_41-60 3_366_AUTOMÓVEL_MÉDIO_41-60 ==> 1_366_AUTOMÓVEL_MÉDIO_41-60,6062.0,0.9563022558763212,1.161059373389044
1_349_AUTOMÓVEL_MÉDIO_41-60 1_349_AUTOMÓVEL_PEQUENO_0-40 1_349_AUTOMÓVEL_PEQUENO_41-60 1_350_AUTOMÓVEL_MÉDIO_41-60 3_349_AUTOMÓVEL_MÉDIO_41-60 3_366_AUTOMÓVEL_MÉDIO_41-60 ==> 1_366_AUTOMÓVEL_MÉDIO_41-60,6061.0,0.9565972222222222,1.1614174959790915
1_349_AUTOMÓVEL_MÉDIO_41-60 1_349_AUTOMÓVEL_PEQUENO_0-40 1_349_AUTOMÓVEL_PEQUENO_41-60 1_350_AUTOMÓVEL_MÉDIO_41-60 3_366_AUTOMÓVEL_MÉDIO_41-60 4_349_AUTOMÓVEL_MÉDIO_41-60 ==> 1_366_AUTOMÓVEL_MÉDIO_41-60,6062.0,0.9569060773480663,1.1617924811228335
1_349_AUTOMÓVEL_MÉDIO_41-60 1_349_AUTOMÓVEL_PEQUENO_0-40 1_350_AUTOMÓVEL_MÉDIO_41-60 2_349_AUTOMÓVEL_MÉDIO_41-60 2_349_AUTOMÓVEL_PEQUENO_41-60 3_366_AUTOMÓVEL_MÉDIO_41-60 ==> 1_366_AUTOMÓVEL_MÉDIO_41-60,6059.0,0.9561306611961496,1.1608510379902588
1_349_AUTOMÓVEL_MÉDIO_41-60 1_349_AUTOMÓVEL_PEQUENO_0-40 1_350_AUTOMÓVEL_MÉDIO_41-60 2_349_AUTOMÓVEL_MÉDIO_41-60 2_350_AUTOMÓVEL_MÉDIO_41-60 3_366_AUTOMÓVEL_MÉDIO_41-60 ==> 1_366_AUTOMÓVEL_MÉDIO_41-60,6058.0,0.9561237373737373,1.1608426316847609
1_349_AUTOMÓVEL_MÉDIO_41-60 1_349_AUTOMÓVEL_PEQUENO_0-40 1_350_AUTOMÓVEL_MÉDIO_41-60 2_349_AUTOMÓVEL_MÉDIO_41-60 3_349_AUTOMÓVEL_MÉDIO_41-60 3_366_AUTOMÓVEL_MÉDIO_41-60 ==> 1_366_AUTOMÓVEL_MÉDIO_41-60,6058.0,0.9567277321541378,1.1615759498349092
1_349_AUTOMÓVEL_MÉDIO_41-60 1_349_AUTOMÓVEL_PEQUENO_0-40 1_350_AUTOMÓVEL_MÉDIO_41-60 2_349_AUTOMÓVEL_MÉDIO_41-60 3_366_AUTOMÓVEL_MÉDIO_41-60 4_349_AUTOMÓVEL_MÉDIO_41-60 ==> 1_366_AUTOMÓVEL_MÉDIO_41-60,6059.0,0.9567345649771041,1.1615842456567615
1_349_AUTOMÓVEL_MÉDIO_41-60 1_349_AUTOMÓVEL_PEQUENO_0-40 1_350_AUTOMÓVEL_MÉDIO_41-60 2_349_AUTOMÓVEL_PEQUENO_41-60 3_349_AUTOMÓVEL_MÉDIO_41-60 3_366_AUTOMÓVEL_MÉDIO_41-60 ==> 1_366_AUTOMÓVEL_MÉDIO_41-60,6063.0,0.9560075685903501,1.1607015896093937
1_349_AUTOMÓVEL_MÉDIO_41-60 1_349_AUTOMÓVEL_PEQUENO_0-40 1_350_AUTOMÓVEL_MÉDIO_41-60 2_349_AUTOMÓVEL_PEQUENO_41-60 3_366_AUTOMÓVEL_MÉDIO_41-60 4_349_AUTOMÓVEL_MÉDIO_41-60 ==> 1_366_AUTOMÓVEL_MÉDIO_41-60,6064.0,0.9560145041778338,1.1607100101990224
1_349_AUTOMÓVEL_MÉDIO_41-60 1_349_AUTOMÓVEL_PEQUENO_0-40 1_350_AUTOMÓVEL_MÉDIO_41-60 2_350_AUTOMÓVEL_MÉDIO_41-60 3_349_AUTOMÓVEL_MÉDIO_41-60 3_366_AUTOMÓVEL_MÉDIO_41-60 ==> 1_366_AUTOMÓVEL_MÉDIO_41-60,6063.0,0.9560075685903501,1.1607015896093937
1_349_AUTOMÓVEL_MÉDIO_41-60 1_349_AUTOMÓVEL_PEQUENO_0-40 1_350_AUTOMÓVEL_MÉDIO_41-60 2_350_AUTOMÓVEL_MÉDIO_41-60 3_366_AUTOMÓVEL_MÉDIO_41-60 4_349_AUTOMÓVEL_MÉDIO_41-60 ==> 1_366_AUTOMÓVEL_MÉDIO_41-60,6064.0,0.9560145041778338,1.1607100101990224
1_349_AUTOMÓVEL_MÉDIO_41-60 1_349_AUTOMÓVEL_PEQUENO_0-40 1_350_AUTOMÓVEL_MÉDIO_41-60 3_349_AUTOMÓVEL_MÉDIO_41-60 3_366_AUTOMÓVEL_MÉDIO_41-60 4_349_AUTOMÓVEL_MÉDIO_41-60 ==> 1_366_AUTOMÓVEL_MÉDIO_41-60,6065.0,0.9564737423119382,1.1612675773666656
1_349_AUTOMÓVEL_MÉDIO_41-60 1_349_AUTOMÓVEL_PEQUENO_41-60 1_350_AUTOMÓVEL_MÉDIO_41-60 2_349_AUTOMÓVEL_PEQUENO_0-40 3_349_AUTOMÓVEL_MÉDIO_41-60 3_366_AUTOMÓVEL_MÉDIO_41-60 ==> 1_366_AUTOMÓVEL_MÉDIO_41-60,6084.0,0.9555520653368934,1.1601485570103538
1_349_AUTOMÓVEL_MÉDIO_41-60 1_349_AUTOMÓVEL_PEQUENO_41-60 1_350_AUTOMÓVEL_MÉDIO_41-60 2_349_AUTOMÓVEL_PEQUENO_0-40 3_366_AUTOMÓVEL_MÉDIO_41-60 4_349_AUTOMÓVEL_MÉDIO_41-60 ==> 1_366_AUTOMÓVEL_MÉDIO_41-60,6085.0,0.9557091251766923,1.160339245464826
1_349_AUTOMÓVEL_MÉDIO_41-60 1_349_AUTOMÓVEL_PEQUENO_41-60 1_350_AUTOMÓVEL_MÉDIO_41-60 2_349_AUTOMÓVEL_PEQUENO_0-40 3_366_AUTOMÓVEL_MÉDIO_41-60 4_370_AUTOMÓVEL_MÉDIO_0-40 ==> 1_366_AUTOMÓVEL_MÉDIO_41-60,6046.0,0.9570998891879057,1.1620277906726502
1_349_AUTOMÓVEL_MÉDIO_41-60 1_350_AUTOMÓVEL_MÉDIO_41-60 2_349_AUTOMÓVEL_MÉDIO_41-60 2_349_AUTOMÓVEL_PEQUENO_0-40 3_366_AUTOMÓVEL_MÉDIO_41-60 4_370_AUTOMÓVEL_MÉDIO_0-40 ==> 1_366_AUTOMÓVEL_MÉDIO_41-60,6043.0,0.956624980212126,1.1614511973263026
1_349_AUTOMÓVEL_MÉDIO_41-60 1_350_AUTOMÓVEL_MÉDIO_41-60 2_349_AUTOMÓVEL_MÉDIO_41-60 3_349_AUTOMÓVEL_MÉDIO_41-60 3_366_AUTOMÓVEL_MÉDIO_41-60 4_349_AUTOMÓVEL_GRANDE_41-60 ==> 1_366_AUTOMÓVEL_MÉDIO_41-60,6053.0,0.9554853985793212,1.1600676160073427
1_349_AUTOMÓVEL_MÉDIO_41-60 1_350_AUTOMÓVEL_MÉDIO_41-60 2_349_AUTOMÓVEL_PEQUENO_0-40 2_349_AUTOMÓVEL_PEQUENO_41-60 3_366_AUTOMÓVEL_MÉDIO_41-60 4_370_AUTOMÓVEL_MÉDIO_0-40 ==> 1_366_AUTOMÓVEL_MÉDIO_41-60,6046.0,0.9560404807084124,1.160741548652614
1_349_AUTOMÓVEL_MÉDIO_41-60 1_350_AUTOMÓVEL_MÉDIO_41-60 2_349_AUTOMÓVEL_PEQUENO_0-40 2_350_AUTOMÓVEL_MÉDIO_41-60 3_366_AUTOMÓVEL_MÉDIO_41-60 4_370_AUTOMÓVEL_MÉDIO_0-40 ==> 1_366_AUTOMÓVEL_MÉDIO_41-60,6048.0,0.9560543787543472,1.1607584224562733
1_349_AUTOMÓVEL_MÉDIO_41-60 1_350_AUTOMÓVEL_MÉDIO_41-60 2_349_AUTOMÓVEL_PEQUENO_0-40 3_349_AUTOMÓVEL_MÉDIO_41-60 3_366_AUTOMÓVEL_MÉDIO_41-60 4_349_AUTOMÓVEL_MÉDIO_41-60 ==> 1_366_AUTOMÓVEL_MÉDIO_41-60,6088.0,0.9554300062774639,1.160000363471975
1_349_AUTOMÓVEL_MÉDIO_41-60 1_350_AUTOMÓVEL_MÉDIO_41-60 2_349_AUTOMÓVEL_PEQUENO_0-40 3_349_AUTOMÓVEL_MÉDIO_41-60 3_366_AUTOMÓVEL_MÉDIO_41-60 4_370_AUTOMÓVEL_MÉDIO_0-40 ==> 1_366_AUTOMÓVEL_MÉDIO_41-60,6047.0,0.9569552144326634,1.1618521391151697
1_349_AUTOMÓVEL_MÉDIO_41-60 1_350_AUTOMÓVEL_MÉDIO_41-60 2_349_AUTOMÓVEL_PEQUENO_0-40 3_366_AUTOMÓVEL_MÉDIO_41-60 4_349_AUTOMÓVEL_MÉDIO_41-60 4_370_AUTOMÓVEL_MÉDIO_0-40 ==> 1_366_AUTOMÓVEL_MÉDIO_41-60,6048.0,0.9568106312292359,1.1616765987119735
1_349_AUTOMÓVEL_MÉDIO_41-60 1_349_AUTOMÓVEL_PEQUENO_0-40 1_349_AUTOMÓVEL_PEQUENO_41-60 1_350_AUTOMÓVEL_MÉDIO_41-60 2_349_AUTOMÓVEL_MÉDIO_41-60 2_349_AUTOMÓVEL_PEQUENO_41-60 3_366_AUTOMÓVEL_MÉDIO_41-60 ==> 1_366_AUTOMÓVEL_MÉDIO_41-60,6053.0,0.95699604743083,1.1619017150049824
1_349_AUTOMÓVEL_MÉDIO_41-60 1_349_AUTOMÓVEL_PEQUENO_0-40 1_349_AUTOMÓVEL_PEQUENO_41-60 1_350_AUTOMÓVEL_MÉDIO_41-60 2_349_AUTOMÓVEL_MÉDIO_41-60 2_350_AUTOMÓVEL_MÉDIO_41-60 3_366_AUTOMÓVEL_MÉDIO_41-60 ==> 1_366_AUTOMÓVEL_MÉDIO_41-60,6053.0,0.95699604743083,1.1619017150049824
1_349_AUTOMÓVEL_MÉDIO_41-60 1_349_AUTOMÓVEL_PEQUENO_0-40 1_349_AUTOMÓVEL_PEQUENO_41-60 1_350_AUTOMÓVEL_MÉDIO_41-60 2_349_AUTOMÓVEL_MÉDIO_41-60 3_349_AUTOMÓVEL_MÉDIO_41-60 3_366_AUTOMÓVEL_MÉDIO_41-60 ==> 1_366_AUTOMÓVEL_MÉDIO_41-60,6052.0,0.957291996203733,1.1622610303728076
1_349_AUTOMÓVEL_MÉDIO_41-60 1_349_AUTOMÓVEL_PEQUENO_0-40 1_349_AUTOMÓVEL_PEQUENO_41-60 1_350_AUTOMÓVEL_MÉDIO_41-60 2_349_AUTOMÓVEL_MÉDIO_41-60 3_366_AUTOMÓVEL_MÉDIO_41-60 4_349_AUTOMÓVEL_MÉDIO_41-60 ==> 1_366_AUTOMÓVEL_MÉDIO_41-60,6053.0,0.9576016453092865,1.1626369794979456
1_349_AUTOMÓVEL_MÉDIO_41-60 1_349_AUTOMÓVEL_PEQUENO_0-40 1_349_AUTOMÓVEL_PEQUENO_41-60 1_350_AUTOMÓVEL_MÉDIO_41-60 2_349_AUTOMÓVEL_PEQUENO_41-60 2_350_AUTOMÓVEL_MÉDIO_41-60 3_366_AUTOMÓVEL_MÉDIO_41-60 ==> 1_366_AUTOMÓVEL_MÉDIO_41-60,6057.0,0.9564187588820464,1.1612008212482265
1_349_AUTOMÓVEL_MÉDIO_41-60 1_349_AUTOMÓVEL_PEQUENO_0-40 1_349_AUTOMÓVEL_PEQUENO_41-60 1_350_AUTOMÓVEL_MÉDIO_41-60 2_349_AUTOMÓVEL_PEQUENO_41-60 3_349_AUTOMÓVEL_MÉDIO_41-60 3_366_AUTOMÓVEL_MÉDIO_41-60 ==> 1_366_AUTOMÓVEL_MÉDIO_41-60,6057.0,0.9567208971726425,1.161567651392358
1_349_AUTOMÓVEL_MÉDIO_41-60 1_349_AUTOMÓVEL_PEQUENO_0-40 1_349_AUTOMÓVEL_PEQUENO_41-60 1_350_AUTOMÓVEL_MÉDIO_41-60 2_349_AUTOMÓVEL_PEQUENO_41-60 3_366_AUTOMÓVEL_MÉDIO_41-60 4_349_AUTOMÓVEL_MÉDIO_41-60 ==> 1_366_AUTOMÓVEL_MÉDIO_41-60,6058.0,0.9570300157977883,1.1619429564541301
1_349_AUTOMÓVEL_MÉDIO_41-60 1_349_AUTOMÓVEL_PEQUENO_0-40 1_349_AUTOMÓVEL_PEQUENO_41-60 1_350_AUTOMÓVEL_MÉDIO_41-60 2_350_AUTOMÓVEL_MÉDIO_41-60 3_349_AUTOMÓVEL_MÉDIO_41-60 3_366_AUTOMÓVEL_MÉDIO_41-60 ==> 1_366_AUTOMÓVEL_MÉDIO_41-60,6058.0,0.9567277321541378,1.1615759498349092
1_349_AUTOMÓVEL_MÉDIO_41-60 1_349_AUTOMÓVEL_PEQUENO_0-40 1_349_AUTOMÓVEL_PEQUENO_41-60 1_350_AUTOMÓVEL_MÉDIO_41-60 2_350_AUTOMÓVEL_MÉDIO_41-60 3_366_AUTOMÓVEL_MÉDIO_41-60 4_349_AUTOMÓVEL_MÉDIO_41-60 ==> 1_366_AUTOMÓVEL_MÉDIO_41-60,6059.0,0.9570368030326962,1.1619511969269105
1_349_AUTOMÓVEL_MÉDIO_41-60 1_349_AUTOMÓVEL_PEQUENO_0-40 1_349_AUTOMÓVEL_PEQUENO_41-60 1_350_AUTOMÓVEL_MÉDIO_41-60 3_349_AUTOMÓVEL_MÉDIO_41-60 3_366_AUTOMÓVEL_MÉDIO_41-60 4_349_AUTOMÓVEL_MÉDIO_41-60 ==> 1_366_AUTOMÓVEL_MÉDIO_41-60,6059.0,0.9571879936808847,1.1621347595172622
1_349_AUTOMÓVEL_MÉDIO_41-60 1_349_AUTOMÓVEL_PEQUENO_0-40 1_350_AUTOMÓVEL_MÉDIO_41-60 2_349_AUTOMÓVEL_MÉDIO_41-60 2_349_AUTOMÓVEL_PEQUENO_41-60 2_350_AUTOMÓVEL_MÉDIO_41-60 3_366_AUTOMÓVEL_MÉDIO_41-60 ==> 1_366_AUTOMÓVEL_MÉDIO_41-60,6055.0,0.956253948199621,1.1610007223919403
1_349_AUTOMÓVEL_MÉDIO_41-60 1_349_AUTOMÓVEL_PEQUENO_0-40 1_350_AUTOMÓVEL_MÉDIO_41-60 2_349_AUTOMÓVEL_MÉDIO_41-60 2_349_AUTOMÓVEL_PEQUENO_41-60 3_349_AUTOMÓVEL_MÉDIO_41-60 3_366_AUTOMÓVEL_MÉDIO_41-60 ==> 1_366_AUTOMÓVEL_MÉDIO_41-60,6056.0,0.9568652235740244,1.1617428800087521
1_349_AUTOMÓVEL_MÉDIO_41-60 1_349_AUTOMÓVEL_PEQUENO_0-40 1_350_AUTOMÓVEL_MÉDIO_41-60 2_349_AUTOMÓVEL_MÉDIO_41-60 2_349_AUTOMÓVEL_PEQUENO_41-60 3_366_AUTOMÓVEL_MÉDIO_41-60 4_349_AUTOMÓVEL_MÉDIO_41-60 ==> 1_366_AUTOMÓVEL_MÉDIO_41-60,6057.0,0.956872037914692,1.161751153390998
1_349_AUTOMÓVEL_MÉDIO_41-60 1_349_AUTOMÓVEL_PEQUENO_0-40 1_350_AUTOMÓVEL_MÉDIO_41-60 2_349_AUTOMÓVEL_MÉDIO_41-60 2_350_AUTOMÓVEL_MÉDIO_41-60 3_349_AUTOMÓVEL_MÉDIO_41-60 3_366_AUTOMÓVEL_MÉDIO_41-60 ==> 1_366_AUTOMÓVEL_MÉDIO_41-60,6054.0,0.9568515884305357,1.1617263253984733
1_349_AUTOMÓVEL_MÉDIO_41-60 1_349_AUTOMÓVEL_PEQUENO_0-40 1_350_AUTOMÓVEL_MÉDIO_41-60 2_349_AUTOMÓVEL_MÉDIO_41-60 2_350_AUTOMÓVEL_MÉDIO_41-60 3_366_AUTOMÓVEL_MÉDIO_41-60 4_349_AUTOMÓVEL_MÉDIO_41-60 ==> 1_366_AUTOMÓVEL_MÉDIO_41-60,6055.0,0.956858407079646,1.161734604011657
1_349_AUTOMÓVEL_MÉDIO_41-60 1_349_AUTOMÓVEL_PEQUENO_0-40 1_350_AUTOMÓVEL_MÉDIO_41-60 2_349_AUTOMÓVEL_MÉDIO_41-60 3_349_AUTOMÓVEL_MÉDIO_41-60 3_366_AUTOMÓVEL_MÉDIO_41-60 4_349_AUTOMÓVEL_MÉDIO_41-60 ==> 1_366_AUTOMÓVEL_MÉDIO_41-60,6056.0,0.9573190009484667,1.162293817194972
1_349_AUTOMÓVEL_MÉDIO_41-60 1_349_AUTOMÓVEL_PEQUENO_0-40 1_350_AUTOMÓVEL_MÉDIO_41-60 2_349_AUTOMÓVEL_PEQUENO_41-60 2_350_AUTOMÓVEL_MÉDIO_41-60 3_349_AUTOMÓVEL_MÉDIO_41-60 3_366_AUTOMÓVEL_MÉDIO_41-60 ==> 1_366_AUTOMÓVEL_MÉDIO_41-60,6059.0,0.9561306611961496,1.1608510379902588
1_349_AUTOMÓVEL_MÉDIO_41-60 1_349_AUTOMÓVEL_PEQUENO_0-40 1_350_AUTOMÓVEL_MÉDIO_41-60 2_349_AUTOMÓVEL_PEQUENO_41-60 2_350_AUTOMÓVEL_MÉDIO_41-60 3_366_AUTOMÓVEL_MÉDIO_41-60 4_349_AUTOMÓVEL_MÉDIO_41-60 ==> 1_366_AUTOMÓVEL_MÉDIO_41-60,6060.0,0.9561375828337015,1.1608594416430886
1_349_AUTOMÓVEL_MÉDIO_41-60 1_349_AUTOMÓVEL_PEQUENO_0-40 1_350_AUTOMÓVEL_MÉDIO_41-60 2_349_AUTOMÓVEL_PEQUENO_41-60 3_349_AUTOMÓVEL_MÉDIO_41-60 3_366_AUTOMÓVEL_MÉDIO_41-60 4_349_AUTOMÓVEL_MÉDIO_41-60 ==> 1_366_AUTOMÓVEL_MÉDIO_41-60,6061.0,0.9565972222222222,1.1614174959790915
1_349_AUTOMÓVEL_MÉDIO_41-60 1_349_AUTOMÓVEL_PEQUENO_0-40 1_350_AUTOMÓVEL_MÉDIO_41-60 2_350_AUTOMÓVEL_MÉDIO_41-60 3_349_AUTOMÓVEL_MÉDIO_41-60 3_366_AUTOMÓVEL_MÉDIO_41-60 4_349_AUTOMÓVEL_MÉDIO_41-60 ==> 1_366_AUTOMÓVEL_MÉDIO_41-60,6061.0,0.9565972222222222,1.1614174959790915
1_349_AUTOMÓVEL_MÉDIO_41-60 1_349_AUTOMÓVEL_PEQUENO_41-60 1_350_AUTOMÓVEL_MÉDIO_41-60 2_349_AUTOMÓVEL_MÉDIO_41-60 2_349_AUTOMÓVEL_PEQUENO_0-40 3_349_AUTOMÓVEL_MÉDIO_41-60 3_366_AUTOMÓVEL_MÉDIO_41-60 ==> 1_366_AUTOMÓVEL_MÉDIO_41-60,6076.0,0.9559471365638766,1.1606282182768901
1_349_AUTOMÓVEL_MÉDIO_41-60 1_349_AUTOMÓVEL_PEQUENO_41-60 1_350_AUTOMÓVEL_MÉDIO_41-60 2_349_AUTOMÓVEL_MÉDIO_41-60 2_349_AUTOMÓVEL_PEQUENO_0-40 3_366_AUTOMÓVEL_MÉDIO_41-60 4_349_AUTOMÓVEL_MÉDIO_41-60 ==> 1_366_AUTOMÓVEL_MÉDIO_41-60,6077.0,0.9561044682190056,1.1608192367459942
1_349_AUTOMÓVEL_MÉDIO_41-60 1_349_AUTOMÓVEL_PEQUENO_41-60 1_350_AUTOMÓVEL_MÉDIO_41-60 2_349_AUTOMÓVEL_MÉDIO_41-60 2_349_AUTOMÓVEL_PEQUENO_0-40 3_366_AUTOMÓVEL_MÉDIO_41-60 4_370_AUTOMÓVEL_MÉDIO_0-40 ==> 1_366_AUTOMÓVEL_MÉDIO_41-60,6039.0,0.9575075313144126,1.162522714436618
1_349_AUTOMÓVEL_MÉDIO_41-60 1_349_AUTOMÓVEL_PEQUENO_41-60 1_350_AUTOMÓVEL_MÉDIO_41-60 2_349_AUTOMÓVEL_MÉDIO_41-60 2_349_AUTOMÓVEL_PEQUENO_41-60 3_366_AUTOMÓVEL_MÉDIO_41-60 4_349_AUTOMÓVEL_GRANDE_41-60 ==> 1_366_AUTOMÓVEL_MÉDIO_41-60,6046.0,0.9554361567635904,1.160007830859534
1_349_AUTOMÓVEL_MÉDIO_41-60 1_349_AUTOMÓVEL_PEQUENO_41-60 1_350_AUTOMÓVEL_MÉDIO_41-60 2_349_AUTOMÓVEL_MÉDIO_41-60 2_350_AUTOMÓVEL_MÉDIO_41-60 3_366_AUTOMÓVEL_MÉDIO_41-60 4_349_AUTOMÓVEL_GRANDE_41-60 ==> 1_366_AUTOMÓVEL_MÉDIO_41-60,6045.0,0.9555801454315523,1.1601826494292613
1_349_AUTOMÓVEL_MÉDIO_41-60 1_349_AUTOMÓVEL_PEQUENO_41-60 1_350_AUTOMÓVEL_MÉDIO_41-60 2_349_AUTOMÓVEL_MÉDIO_41-60 3_349_AUTOMÓVEL_MÉDIO_41-60 3_366_AUTOMÓVEL_MÉDIO_41-60 4_349_AUTOMÓVEL_GRANDE_41-60 ==> 1_366_AUTOMÓVEL_MÉDIO_41-60,6048.0,0.9559032716927454,1.1605749613495155
1_349_AUTOMÓVEL_MÉDIO_41-60 1_349_AUTOMÓVEL_PEQUENO_41-60 1_350_AUTOMÓVEL_MÉDIO_41-60 2_349_AUTOMÓVEL_MÉDIO_41-60 3_366_AUTOMÓVEL_MÉDIO_41-60 4_349_AUTOMÓVEL_GRANDE_41-60 4_349_AUTOMÓVEL_MÉDIO_41-60 ==> 1_366_AUTOMÓVEL_MÉDIO_41-60,6047.0,0.9558963009800822,1.1605664981139359
1_349_AUTOMÓVEL_MÉDIO_41-60 1_349_AUTOMÓVEL_PEQUENO_41-60 1_350_AUTOMÓVEL_MÉDIO_41-60 2_349_AUTOMÓVEL_PEQUENO_0-40 2_349_AUTOMÓVEL_PEQUENO_41-60 3_349_AUTOMÓVEL_MÉDIO_41-60 3_366_AUTOMÓVEL_MÉDIO_41-60 ==> 1_366_AUTOMÓVEL_MÉDIO_41-60,6080.0,0.9555241238409555,1.1601146328660095
1_349_AUTOMÓVEL_MÉDIO_41-60 1_349_AUTOMÓVEL_PEQUENO_41-60 1_350_AUTOMÓVEL_MÉDIO_41-60 2_349_AUTOMÓVEL_PEQUENO_0-40 2_349_AUTOMÓVEL_PEQUENO_41-60 3_366_AUTOMÓVEL_MÉDIO_41-60 4_349_AUTOMÓVEL_MÉDIO_41-60 ==> 1_366_AUTOMÓVEL_MÉDIO_41-60,6081.0,0.9556812824139557,1.1603054411937834
1_349_AUTOMÓVEL_MÉDIO_41-60 1_349_AUTOMÓVEL_PEQUENO_41-60 1_350_AUTOMÓVEL_MÉDIO_41-60 2_349_AUTOMÓVEL_PEQUENO_0-40 2_349_AUTOMÓVEL_PEQUENO_41-60 3_366_AUTOMÓVEL_MÉDIO_41-60 4_370_AUTOMÓVEL_MÉDIO_0-40 ==> 1_366_AUTOMÓVEL_MÉDIO_41-60,6042.0,0.957072707112308,1.1619947885507094
1_349_AUTOMÓVEL_MÉDIO_41-60 1_349_AUTOMÓVEL_PEQUENO_41-60 1_350_AUTOMÓVEL_MÉDIO_41-60 2_349_AUTOMÓVEL_PEQUENO_0-40 2_350_AUTOMÓVEL_MÉDIO_41-60 3_349_AUTOMÓVEL_MÉDIO_41-60 3_366_AUTOMÓVEL_MÉDIO_41-60 ==> 1_366_AUTOMÓVEL_MÉDIO_41-60,6082.0,0.9555380989787903,1.1601316002679762
1_349_AUTOMÓVEL_MÉDIO_41-60 1_349_AUTOMÓVEL_PEQUENO_41-60 1_350_AUTOMÓVEL_MÉDIO_41-60 2_349_AUTOMÓVEL_PEQUENO_0-40 2_350_AUTOMÓVEL_MÉDIO_41-60 3_366_AUTOMÓVEL_MÉDIO_41-60 4_349_AUTOMÓVEL_MÉDIO_41-60 ==> 1_366_AUTOMÓVEL_MÉDIO_41-60,6083.0,0.9558453802639849,1.1605046745907128
1_349_AUTOMÓVEL_MÉDIO_41-60 1_349_AUTOMÓVEL_PEQUENO_41-60 1_350_AUTOMÓVEL_MÉDIO_41-60 2_349_AUTOMÓVEL_PEQUENO_0-40 2_350_AUTOMÓVEL_MÉDIO_41-60 3_366_AUTOMÓVEL_MÉDIO_41-60 4_370_AUTOMÓVEL_MÉDIO_0-40 ==> 1_366_AUTOMÓVEL_MÉDIO_41-60,6044.0,0.9570863024544735,1.162011294837669
1_349_AUTOMÓVEL_MÉDIO_41-60 1_349_AUTOMÓVEL_PEQUENO_41-60 1_350_AUTOMÓVEL_MÉDIO_41-60 2_349_AUTOMÓVEL_PEQUENO_0-40 3_349_AUTOMÓVEL_MÉDIO_41-60 3_366_AUTOMÓVEL_MÉDIO_41-60 4_349_AUTOMÓVEL_MÉDIO_41-60 ==> 1_366_AUTOMÓVEL_MÉDIO_41-60,6082.0,0.9564396917754364,1.1612262361543748
1_349_AUTOMÓVEL_MÉDIO_41-60 1_349_AUTOMÓVEL_PEQUENO_41-60 1_350_AUTOMÓVEL_MÉDIO_41-60 2_349_AUTOMÓVEL_PEQUENO_0-40 3_349_AUTOMÓVEL_MÉDIO_41-60 3_366_AUTOMÓVEL_MÉDIO_41-60 4_370_AUTOMÓVEL_MÉDIO_0-40 ==> 1_366_AUTOMÓVEL_MÉDIO_41-60,6043.0,0.957838009193216,1.1629239520542487
1_349_AUTOMÓVEL_MÉDIO_41-60 1_349_AUTOMÓVEL_PEQUENO_41-60 1_350_AUTOMÓVEL_MÉDIO_41-60 2_349_AUTOMÓVEL_PEQUENO_0-40 3_366_AUTOMÓVEL_MÉDIO_41-60 4_349_AUTOMÓVEL_MÉDIO_41-60 4_370_AUTOMÓVEL_MÉDIO_0-40 ==> 1_366_AUTOMÓVEL_MÉDIO_41-60,6044.0,0.9578446909667195,1.1629320644849255
1_349_AUTOMÓVEL_MÉDIO_41-60 1_349_AUTOMÓVEL_PEQUENO_41-60 1_350_AUTOMÓVEL_MÉDIO_41-60 2_350_AUTOMÓVEL_MÉDIO_41-60 3_366_AUTOMÓVEL_MÉDIO_41-60 4_349_AUTOMÓVEL_GRANDE_41-60 4_349_AUTOMÓVEL_MÉDIO_41-60 ==> 1_366_AUTOMÓVEL_MÉDIO_41-60,6052.0,0.9554783706978213,1.1600590833623126
1_349_AUTOMÓVEL_MÉDIO_41-60 1_349_AUTOMÓVEL_PEQUENO_41-60 1_350_AUTOMÓVEL_MÉDIO_41-60 3_349_AUTOMÓVEL_MÉDIO_41-60 3_366_AUTOMÓVEL_MÉDIO_41-60 4_349_AUTOMÓVEL_GRANDE_41-60 4_349_AUTOMÓVEL_MÉDIO_41-60 ==> 1_366_AUTOMÓVEL_MÉDIO_41-60,6055.0,0.9558011049723757,1.1604509193663406
1_349_AUTOMÓVEL_MÉDIO_41-60 1_350_AUTOMÓVEL_MÉDIO_41-60 2_349_AUTOMÓVEL_MÉDIO_41-60 2_349_AUTOMÓVEL_PEQUENO_0-40 2_349_AUTOMÓVEL_PEQUENO_41-60 3_366_AUTOMÓVEL_MÉDIO_41-60 4_370_AUTOMÓVEL_MÉDIO_0-40 ==> 1_366_AUTOMÓVEL_MÉDIO_41-60,6041.0,0.9566112430720507,1.1614345188806021
1_349_AUTOMÓVEL_MÉDIO_41-60 1_350_AUTOMÓVEL_MÉDIO_41-60 2_349_AUTOMÓVEL_MÉDIO_41-60 2_349_AUTOMÓVEL_PEQUENO_0-40 2_350_AUTOMÓVEL_MÉDIO_41-60 3_366_AUTOMÓVEL_MÉDIO_41-60 4_370_AUTOMÓVEL_MÉDIO_0-40 ==> 1_366_AUTOMÓVEL_MÉDIO_41-60,6041.0,0.9566112430720507,1.1614345188806021
1_349_AUTOMÓVEL_MÉDIO_41-60 1_350_AUTOMÓVEL_MÉDIO_41-60 2_349_AUTOMÓVEL_MÉDIO_41-60 2_349_AUTOMÓVEL_PEQUENO_0-40 3_349_AUTOMÓVEL_MÉDIO_41-60 3_366_AUTOMÓVEL_MÉDIO_41-60 4_349_AUTOMÓVEL_MÉDIO_41-60 ==> 1_366_AUTOMÓVEL_MÉDIO_41-60,6080.0,0.9561251769146092,1.1608443794506083
1_349_AUTOMÓVEL_MÉDIO_41-60 1_350_AUTOMÓVEL_MÉDIO_41-60 2_349_AUTOMÓVEL_MÉDIO_41-60 2_349_AUTOMÓVEL_PEQUENO_0-40 3_349_AUTOMÓVEL_MÉDIO_41-60 3_366_AUTOMÓVEL_MÉDIO_41-60 4_370_AUTOMÓVEL_MÉDIO_0-40 ==> 1_366_AUTOMÓVEL_MÉDIO_41-60,6040.0,0.9575142675967026,1.1625308930471427
1_349_AUTOMÓVEL_MÉDIO_41-60 1_350_AUTOMÓVEL_MÉDIO_41-60 2_349_AUTOMÓVEL_MÉDIO_41-60 2_349_AUTOMÓVEL_PEQUENO_0-40 3_366_AUTOMÓVEL_MÉDIO_41-60 4_349_AUTOMÓVEL_MÉDIO_41-60 4_370_AUTOMÓVEL_MÉDIO_0-40 ==> 1_366_AUTOMÓVEL_MÉDIO_41-60,6041.0,0.9573692551505547,1.1623548314946122
1_349_AUTOMÓVEL_MÉDIO_41-60 1_350_AUTOMÓVEL_MÉDIO_41-60 2_349_AUTOMÓVEL_MÉDIO_41-60 2_349_AUTOMÓVEL_PEQUENO_41-60 3_349_AUTOMÓVEL_MÉDIO_41-60 3_366_AUTOMÓVEL_MÉDIO_41-60 4_349_AUTOMÓVEL_GRANDE_41-60 ==> 1_366_AUTOMÓVEL_MÉDIO_41-60,6050.0,0.9556152266624546,1.160225242021424
1_349_AUTOMÓVEL_MÉDIO_41-60 1_350_AUTOMÓVEL_MÉDIO_41-60 2_349_AUTOMÓVEL_MÉDIO_41-60 2_349_AUTOMÓVEL_PEQUENO_41-60 3_366_AUTOMÓVEL_MÉDIO_41-60 4_349_AUTOMÓVEL_GRANDE_41-60 4_349_AUTOMÓVEL_MÉDIO_41-60 ==> 1_366_AUTOMÓVEL_MÉDIO_41-60,6049.0,0.9554572737324277,1.1600334692541479
1_349_AUTOMÓVEL_MÉDIO_41-60 1_350_AUTOMÓVEL_MÉDIO_41-60 2_349_AUTOMÓVEL_MÉDIO_41-60 2_350_AUTOMÓVEL_MÉDIO_41-60 3_349_AUTOMÓVEL_MÉDIO_41-60 3_366_AUTOMÓVEL_MÉDIO_41-60 4_349_AUTOMÓVEL_GRANDE_41-60 ==> 1_366_AUTOMÓVEL_MÉDIO_41-60,6048.0,0.9556012008216148,1.1602082130602598
1_349_AUTOMÓVEL_MÉDIO_41-60 1_350_AUTOMÓVEL_MÉDIO_41-60 2_349_AUTOMÓVEL_MÉDIO_41-60 2_350_AUTOMÓVEL_MÉDIO_41-60 3_366_AUTOMÓVEL_MÉDIO_41-60 4_349_AUTOMÓVEL_GRANDE_41-60 4_349_AUTOMÓVEL_MÉDIO_41-60 ==> 1_366_AUTOMÓVEL_MÉDIO_41-60,6047.0,0.9555941845764855,1.1601996945431032
1_349_AUTOMÓVEL_MÉDIO_41-60 1_350_AUTOMÓVEL_MÉDIO_41-60 2_349_AUTOMÓVEL_MÉDIO_41-60 3_349_AUTOMÓVEL_MÉDIO_41-60 3_366_AUTOMÓVEL_MÉDIO_41-60 4_349_AUTOMÓVEL_GRANDE_41-60 4_349_AUTOMÓVEL_MÉDIO_41-60 ==> 1_366_AUTOMÓVEL_MÉDIO_41-60,6051.0,0.9560752093537683,1.1607837131659442
1_349_AUTOMÓVEL_MÉDIO_41-60 1_350_AUTOMÓVEL_MÉDIO_41-60 2_349_AUTOMÓVEL_PEQUENO_0-40 2_349_AUTOMÓVEL_PEQUENO_41-60 2_350_AUTOMÓVEL_MÉDIO_41-60 3_366_AUTOMÓVEL_MÉDIO_41-60 4_370_AUTOMÓVEL_MÉDIO_0-40 ==> 1_366_AUTOMÓVEL_MÉDIO_41-60,6044.0,0.9560265738690288,1.1607246641727114
1_349_AUTOMÓVEL_MÉDIO_41-60 1_350_AUTOMÓVEL_MÉDIO_41-60 2_349_AUTOMÓVEL_PEQUENO_0-40 2_349_AUTOMÓVEL_PEQUENO_41-60 3_349_AUTOMÓVEL_MÉDIO_41-60 3_366_AUTOMÓVEL_MÉDIO_41-60 4_370_AUTOMÓVEL_MÉDIO_0-40 ==> 1_366_AUTOMÓVEL_MÉDIO_41-60,6043.0,0.9569279493269992,1.1618190361853133
1_349_AUTOMÓVEL_MÉDIO_41-60 1_350_AUTOMÓVEL_MÉDIO_41-60 2_349_AUTOMÓVEL_PEQUENO_0-40 2_349_AUTOMÓVEL_PEQUENO_41-60 3_366_AUTOMÓVEL_MÉDIO_41-60 4_349_AUTOMÓVEL_MÉDIO_41-60 4_370_AUTOMÓVEL_MÉDIO_0-40 ==> 1_366_AUTOMÓVEL_MÉDIO_41-60,6044.0,0.9567832832040526,1.1616433951084186
1_349_AUTOMÓVEL_MÉDIO_41-60 1_350_AUTOMÓVEL_MÉDIO_41-60 2_349_AUTOMÓVEL_PEQUENO_0-40 2_350_AUTOMÓVEL_MÉDIO_41-60 3_349_AUTOMÓVEL_MÉDIO_41-60 3_366_AUTOMÓVEL_MÉDIO_41-60 4_349_AUTOMÓVEL_MÉDIO_41-60 ==> 1_366_AUTOMÓVEL_MÉDIO_41-60,6085.0,0.9555590452261307,1.1601570313873346
1_349_AUTOMÓVEL_MÉDIO_41-60 1_350_AUTOMÓVEL_MÉDIO_41-60 2_349_AUTOMÓVEL_PEQUENO_0-40 2_350_AUTOMÓVEL_MÉDIO_41-60 3_349_AUTOMÓVEL_MÉDIO_41-60 3_366_AUTOMÓVEL_MÉDIO_41-60 4_370_AUTOMÓVEL_MÉDIO_0-40 ==> 1_366_AUTOMÓVEL_MÉDIO_41-60,6045.0,0.9569415861959791,1.1618355928905346
1_349_AUTOMÓVEL_MÉDIO_41-60 1_350_AUTOMÓVEL_MÉDIO_41-60 2_349_AUTOMÓVEL_PEQUENO_0-40 2_350_AUTOMÓVEL_MÉDIO_41-60 3_366_AUTOMÓVEL_MÉDIO_41-60 4_349_AUTOMÓVEL_MÉDIO_41-60 4_370_AUTOMÓVEL_MÉDIO_0-40 ==> 1_366_AUTOMÓVEL_MÉDIO_41-60,6046.0,0.9567969615445482,1.161660002164762
1_349_AUTOMÓVEL_MÉDIO_41-60 1_350_AUTOMÓVEL_MÉDIO_41-60 2_349_AUTOMÓVEL_PEQUENO_0-40 3_349_AUTOMÓVEL_MÉDIO_41-60 3_366_AUTOMÓVEL_MÉDIO_41-60 4_349_AUTOMÓVEL_MÉDIO_41-60 4_370_AUTOMÓVEL_MÉDIO_0-40 ==> 1_366_AUTOMÓVEL_MÉDIO_41-60,6045.0,0.9575479169966735,1.1625717472342003
1_349_AUTOMÓVEL_MÉDIO_41-60 1_349_AUTOMÓVEL_PEQUENO_0-40 1_349_AUTOMÓVEL_PEQUENO_41-60 1_350_AUTOMÓVEL_MÉDIO_41-60 2_349_AUTOMÓVEL_MÉDIO_41-60 2_349_AUTOMÓVEL_PEQUENO_41-60 2_350_AUTOMÓVEL_MÉDIO_41-60 3_366_AUTOMÓVEL_MÉDIO_41-60 ==> 1_366_AUTOMÓVEL_MÉDIO_41-60,6050.0,0.9571270368612561,1.1620607510263623
1_349_AUTOMÓVEL_MÉDIO_41-60 1_349_AUTOMÓVEL_PEQUENO_0-40 1_349_AUTOMÓVEL_PEQUENO_41-60 1_350_AUTOMÓVEL_MÉDIO_41-60 2_349_AUTOMÓVEL_MÉDIO_41-60 2_349_AUTOMÓVEL_PEQUENO_41-60 3_349_AUTOMÓVEL_MÉDIO_41-60 3_366_AUTOMÓVEL_MÉDIO_41-60 ==> 1_366_AUTOMÓVEL_MÉDIO_41-60,6050.0,0.9574299730970091,1.1624285499663927
1_349_AUTOMÓVEL_MÉDIO_41-60 1_349_AUTOMÓVEL_PEQUENO_0-40 1_349_AUTOMÓVEL_PEQUENO_41-60 1_350_AUTOMÓVEL_MÉDIO_41-60 2_349_AUTOMÓVEL_MÉDIO_41-60 2_349_AUTOMÓVEL_PEQUENO_41-60 3_366_AUTOMÓVEL_MÉDIO_41-60 4_349_AUTOMÓVEL_MÉDIO_41-60 ==> 1_366_AUTOMÓVEL_MÉDIO_41-60,6051.0,0.9577397910731245,1.1628047041195413
1_349_AUTOMÓVEL_MÉDIO_41-60 1_349_AUTOMÓVEL_PEQUENO_0-40 1_349_AUTOMÓVEL_PEQUENO_41-60 1_350_AUTOMÓVEL_MÉDIO_41-60 2_349_AUTOMÓVEL_MÉDIO_41-60 2_350_AUTOMÓVEL_MÉDIO_41-60 3_349_AUTOMÓVEL_MÉDIO_41-60 3_366_AUTOMÓVEL_MÉDIO_41-60 ==> 1_366_AUTOMÓVEL_MÉDIO_41-60,6049.0,0.957423235201013,1.1624203693966462
1_349_AUTOMÓVEL_MÉDIO_41-60 1_349_AUTOMÓVEL_PEQUENO_0-40 1_349_AUTOMÓVEL_PEQUENO_41-60 1_350_AUTOMÓVEL_MÉDIO_41-60 2_349_AUTOMÓVEL_MÉDIO_41-60 2_350_AUTOMÓVEL_MÉDIO_41-60 3_366_AUTOMÓVEL_MÉDIO_41-60 4_349_AUTOMÓVEL_MÉDIO_41-60 ==> 1_366_AUTOMÓVEL_MÉDIO_41-60,6050.0,0.9577331011556118,1.162796581801114
1_349_AUTOMÓVEL_MÉDIO_41-60 1_349_AUTOMÓVEL_PEQUENO_0-40 1_349_AUTOMÓVEL_PEQUENO_41-60 1_350_AUTOMÓVEL_MÉDIO_41-60 2_349_AUTOMÓVEL_MÉDIO_41-60 3_349_AUTOMÓVEL_MÉDIO_41-60 3_366_AUTOMÓVEL_MÉDIO_41-60 4_349_AUTOMÓVEL_MÉDIO_41-60 ==> 1_366_AUTOMÓVEL_MÉDIO_41-60,6050.0,0.9578847371754274,1.1629806851231215
1_349_AUTOMÓVEL_MÉDIO_41-60 1_349_AUTOMÓVEL_PEQUENO_0-40 1_349_AUTOMÓVEL_PEQUENO_41-60 1_350_AUTOMÓVEL_MÉDIO_41-60 2_349_AUTOMÓVEL_PEQUENO_41-60 2_350_AUTOMÓVEL_MÉDIO_41-60 3_349_AUTOMÓVEL_MÉDIO_41-60 3_366_AUTOMÓVEL_MÉDIO_41-60 ==> 1_366_AUTOMÓVEL_MÉDIO_41-60,6054.0,0.9568515884305357,1.1617263253984733
1_349_AUTOMÓVEL_MÉDIO_41-60 1_349_AUTOMÓVEL_PEQUENO_0-40 1_349_AUTOMÓVEL_PEQUENO_41-60 1_350_AUTOMÓVEL_MÉDIO_41-60 2_349_AUTOMÓVEL_PEQUENO_41-60 2_350_AUTOMÓVEL_MÉDIO_41-60 3_366_AUTOMÓVEL_MÉDIO_41-60 4_349_AUTOMÓVEL_MÉDIO_41-60 ==> 1_366_AUTOMÓVEL_MÉDIO_41-60,6055.0,0.9571609231742018,1.1621018928526345
1_349_AUTOMÓVEL_MÉDIO_41-60 1_349_AUTOMÓVEL_PEQUENO_0-40 1_349_AUTOMÓVEL_PEQUENO_41-60 1_350_AUTOMÓVEL_MÉDIO_41-60 2_349_AUTOMÓVEL_PEQUENO_41-60 3_349_AUTOMÓVEL_MÉDIO_41-60 3_366_AUTOMÓVEL_MÉDIO_41-60 4_349_AUTOMÓVEL_MÉDIO_41-60 ==> 1_366_AUTOMÓVEL_MÉDIO_41-60,6055.0,0.9573122529644269,1.1622856243771962
1_349_AUTOMÓVEL_MÉDIO_41-60 1_349_AUTOMÓVEL_PEQUENO_0-40 1_349_AUTOMÓVEL_PEQUENO_41-60 1_350_AUTOMÓVEL_MÉDIO_41-60 2_350_AUTOMÓVEL_MÉDIO_41-60 3_349_AUTOMÓVEL_MÉDIO_41-60 3_366_AUTOMÓVEL_MÉDIO_41-60 4_349_AUTOMÓVEL_MÉDIO_41-60 ==> 1_366_AUTOMÓVEL_MÉDIO_41-60,6056.0,0.9573190009484667,1.162293817194972
1_349_AUTOMÓVEL_MÉDIO_41-60 1_349_AUTOMÓVEL_PEQUENO_0-40 1_350_AUTOMÓVEL_MÉDIO_41-60 2_349_AUTOMÓVEL_MÉDIO_41-60 2_349_AUTOMÓVEL_PEQUENO_41-60 2_350_AUTOMÓVEL_MÉDIO_41-60 3_349_AUTOMÓVEL_MÉDIO_41-60 3_366_AUTOMÓVEL_MÉDIO_41-60 ==> 1_366_AUTOMÓVEL_MÉDIO_41-60,6052.0,0.956989247311828,1.161893458889451
1_349_AUTOMÓVEL_MÉDIO_41-60 1_349_AUTOMÓVEL_PEQUENO_0-40 1_350_AUTOMÓVEL_MÉDIO_41-60 2_349_AUTOMÓVEL_MÉDIO_41-60 2_349_AUTOMÓVEL_PEQUENO_41-60 2_350_AUTOMÓVEL_MÉDIO_41-60 3_366_AUTOMÓVEL_MÉDIO_41-60 4_349_AUTOMÓVEL_MÉDIO_41-60 ==> 1_366_AUTOMÓVEL_MÉDIO_41-60,6053.0,0.95699604743083,1.1619017150049824
1_349_AUTOMÓVEL_MÉDIO_41-60 1_349_AUTOMÓVEL_PEQUENO_0-40 1_350_AUTOMÓVEL_MÉDIO_41-60 2_349_AUTOMÓVEL_MÉDIO_41-60 2_349_AUTOMÓVEL_PEQUENO_41-60 3_349_AUTOMÓVEL_MÉDIO_41-60 3_366_AUTOMÓVEL_MÉDIO_41-60 4_349_AUTOMÓVEL_MÉDIO_41-60 ==> 1_366_AUTOMÓVEL_MÉDIO_41-60,6054.0,0.9574569033686541,1.1624612463697837
1_349_AUTOMÓVEL_MÉDIO_41-60 1_349_AUTOMÓVEL_PEQUENO_0-40 1_350_AUTOMÓVEL_MÉDIO_41-60 2_349_AUTOMÓVEL_MÉDIO_41-60 2_350_AUTOMÓVEL_MÉDIO_41-60 3_349_AUTOMÓVEL_MÉDIO_41-60 3_366_AUTOMÓVEL_MÉDIO_41-60 4_349_AUTOMÓVEL_MÉDIO_41-60 ==> 1_366_AUTOMÓVEL_MÉDIO_41-60,6052.0,0.9574434424932764,1.1624449033407511
1_349_AUTOMÓVEL_MÉDIO_41-60 1_349_AUTOMÓVEL_PEQUENO_0-40 1_350_AUTOMÓVEL_MÉDIO_41-60 2_349_AUTOMÓVEL_PEQUENO_41-60 2_350_AUTOMÓVEL_MÉDIO_41-60 3_349_AUTOMÓVEL_MÉDIO_41-60 3_366_AUTOMÓVEL_MÉDIO_41-60 4_349_AUTOMÓVEL_MÉDIO_41-60 ==> 1_366_AUTOMÓVEL_MÉDIO_41-60,6057.0,0.9567208971726425,1.161567651392358
1_349_AUTOMÓVEL_MÉDIO_41-60 1_349_AUTOMÓVEL_PEQUENO_41-60 1_350_AUTOMÓVEL_MÉDIO_41-60 2_349_AUTOMÓVEL_MÉDIO_41-60 2_349_AUTOMÓVEL_PEQUENO_0-40 2_349_AUTOMÓVEL_PEQUENO_41-60 3_349_AUTOMÓVEL_MÉDIO_41-60 3_366_AUTOMÓVEL_MÉDIO_41-60 ==> 1_366_AUTOMÓVEL_MÉDIO_41-60,6074.0,0.9559332703808624,1.1606113831584295
1_349_AUTOMÓVEL_MÉDIO_41-60 1_349_AUTOMÓVEL_PEQUENO_41-60 1_350_AUTOMÓVEL_MÉDIO_41-60 2_349_AUTOMÓVEL_MÉDIO_41-60 2_349_AUTOMÓVEL_PEQUENO_0-40 2_349_AUTOMÓVEL_PEQUENO_41-60 3_366_AUTOMÓVEL_MÉDIO_41-60 4_349_AUTOMÓVEL_MÉDIO_41-60 ==> 1_366_AUTOMÓVEL_MÉDIO_41-60,6075.0,0.9560906515580736,1.1608024617529569
1_349_AUTOMÓVEL_MÉDIO_41-60 1_349_AUTOMÓVEL_PEQUENO_41-60 1_350_AUTOMÓVEL_MÉDIO_41-60 2_349_AUTOMÓVEL_MÉDIO_41-60 2_349_AUTOMÓVEL_PEQUENO_0-40 2_350_AUTOMÓVEL_MÉDIO_41-60 3_349_AUTOMÓVEL_MÉDIO_41-60 3_366_AUTOMÓVEL_MÉDIO_41-60 ==> 1_366_AUTOMÓVEL_MÉDIO_41-60,6074.0,0.9559332703808624,1.1606113831584295
1_349_AUTOMÓVEL_MÉDIO_41-60 1_349_AUTOMÓVEL_PEQUENO_41-60 1_350_AUTOMÓVEL_MÉDIO_41-60 2_349_AUTOMÓVEL_MÉDIO_41-60 2_349_AUTOMÓVEL_PEQUENO_0-40 2_350_AUTOMÓVEL_MÉDIO_41-60 3_366_AUTOMÓVEL_MÉDIO_41-60 4_349_AUTOMÓVEL_MÉDIO_41-60 ==> 1_366_AUTOMÓVEL_MÉDIO_41-60,6075.0,0.9562411459153156,1.1609851789671475
1_349_AUTOMÓVEL_MÉDIO_41-60 1_349_AUTOMÓVEL_PEQUENO_41-60 1_350_AUTOMÓVEL_MÉDIO_41-60 2_349_AUTOMÓVEL_MÉDIO_41-60 2_349_AUTOMÓVEL_PEQUENO_0-40 3_349_AUTOMÓVEL_MÉDIO_41-60 3_366_AUTOMÓVEL_MÉDIO_41-60 4_349_AUTOMÓVEL_MÉDIO_41-60 ==> 1_366_AUTOMÓVEL_MÉDIO_41-60,6074.0,0.9568367989918084,1.1617083693428893
1_349_AUTOMÓVEL_MÉDIO_41-60 1_349_AUTOMÓVEL_PEQUENO_41-60 1_350_AUTOMÓVEL_MÉDIO_41-60 2_349_AUTOMÓVEL_MÉDIO_41-60 2_349_AUTOMÓVEL_PEQUENO_41-60 2_350_AUTOMÓVEL_MÉDIO_41-60 3_366_AUTOMÓVEL_MÉDIO_41-60 4_349_AUTOMÓVEL_GRANDE_41-60 ==> 1_366_AUTOMÓVEL_MÉDIO_41-60,6042.0,0.9557102182853527,1.1603405726226872
1_349_AUTOMÓVEL_MÉDIO_41-60 1_349_AUTOMÓVEL_PEQUENO_41-60 1_350_AUTOMÓVEL_MÉDIO_41-60 2_349_AUTOMÓVEL_MÉDIO_41-60 2_349_AUTOMÓVEL_PEQUENO_41-60 3_349_AUTOMÓVEL_MÉDIO_41-60 3_366_AUTOMÓVEL_MÉDIO_41-60 4_349_AUTOMÓVEL_GRANDE_41-60 ==> 1_366_AUTOMÓVEL_MÉDIO_41-60,6045.0,0.9560335283884233,1.1607331077478265
1_349_AUTOMÓVEL_MÉDIO_41-60 1_349_AUTOMÓVEL_PEQUENO_41-60 1_350_AUTOMÓVEL_MÉDIO_41-60 2_349_AUTOMÓVEL_MÉDIO_41-60 2_349_AUTOMÓVEL_PEQUENO_41-60 3_366_AUTOMÓVEL_MÉDIO_41-60 4_349_AUTOMÓVEL_GRANDE_41-60 4_349_AUTOMÓVEL_MÉDIO_41-60 ==> 1_366_AUTOMÓVEL_MÉDIO_41-60,6044.0,0.9560265738690288,1.1607246641727114
1_349_AUTOMÓVEL_MÉDIO_41-60 1_349_AUTOMÓVEL_PEQUENO_41-60 1_350_AUTOMÓVEL_MÉDIO_41-60 2_349_AUTOMÓVEL_MÉDIO_41-60 2_350_AUTOMÓVEL_MÉDIO_41-60 3_349_AUTOMÓVEL_MÉDIO_41-60 3_366_AUTOMÓVEL_MÉDIO_41-60 4_349_AUTOMÓVEL_GRANDE_41-60 ==> 1_366_AUTOMÓVEL_MÉDIO_41-60,6044.0,0.9560265738690288,1.1607246641727114
1_349_AUTOMÓVEL_MÉDIO_41-60 1_349_AUTOMÓVEL_PEQUENO_41-60 1_350_AUTOMÓVEL_MÉDIO_41-60 2_349_AUTOMÓVEL_MÉDIO_41-60 2_350_AUTOMÓVEL_MÉDIO_41-60 3_366_AUTOMÓVEL_MÉDIO_41-60 4_349_AUTOMÓVEL_GRANDE_41-60 4_349_AUTOMÓVEL_MÉDIO_41-60 ==> 1_366_AUTOMÓVEL_MÉDIO_41-60,6043.0,0.9561708860759494,1.1608998755554198
1_349_AUTOMÓVEL_MÉDIO_41-60 1_349_AUTOMÓVEL_PEQUENO_41-60 1_350_AUTOMÓVEL_MÉDIO_41-60 2_349_AUTOMÓVEL_MÉDIO_41-60 3_349_AUTOMÓVEL_MÉDIO_41-60 3_366_AUTOMÓVEL_MÉDIO_41-60 4_349_AUTOMÓVEL_GRANDE_41-60 4_349_AUTOMÓVEL_MÉDIO_41-60 ==> 1_366_AUTOMÓVEL_MÉDIO_41-60,6046.0,0.9564942255972156,1.1612924463975844
1_349_AUTOMÓVEL_MÉDIO_41-60 1_349_AUTOMÓVEL_PEQUENO_41-60 1_350_AUTOMÓVEL_MÉDIO_41-60 2_349_AUTOMÓVEL_PEQUENO_0-40 2_349_AUTOMÓVEL_PEQUENO_41-60 2_350_AUTOMÓVEL_MÉDIO_41-60 3_349_AUTOMÓVEL_MÉDIO_41-60 3_366_AUTOMÓVEL_MÉDIO_41-60 ==> 1_366_AUTOMÓVEL_MÉDIO_41-60,6078.0,0.9555101399151077,1.160097654794398
1_349_AUTOMÓVEL_MÉDIO_41-60 1_349_AUTOMÓVEL_PEQUENO_41-60 1_350_AUTOMÓVEL_MÉDIO_41-60 2_349_AUTOMÓVEL_PEQUENO_0-40 2_349_AUTOMÓVEL_PEQUENO_41-60 2_350_AUTOMÓVEL_MÉDIO_41-60 3_366_AUTOMÓVEL_MÉDIO_41-60 4_349_AUTOMÓVEL_MÉDIO_41-60 ==> 1_366_AUTOMÓVEL_MÉDIO_41-60,6079.0,0.9558176100628931,1.1604709584177346
1_349_AUTOMÓVEL_MÉDIO_41-60 1_349_AUTOMÓVEL_PEQUENO_41-60 1_350_AUTOMÓVEL_MÉDIO_41-60 2_349_AUTOMÓVEL_PEQUENO_0-40 2_349_AUTOMÓVEL_PEQUENO_41-60 2_350_AUTOMÓVEL_MÉDIO_41-60 3_366_AUTOMÓVEL_MÉDIO_41-60 4_370_AUTOMÓVEL_MÉDIO_0-40 ==> 1_366_AUTOMÓVEL_MÉDIO_41-60,6040.0,0.9570591031532245,1.1619782718018343
1_349_AUTOMÓVEL_MÉDIO_41-60 1_349_AUTOMÓVEL_PEQUENO_41-60 1_350_AUTOMÓVEL_MÉDIO_41-60 2_349_AUTOMÓVEL_PEQUENO_0-40 2_349_AUTOMÓVEL_PEQUENO_41-60 3_349_AUTOMÓVEL_MÉDIO_41-60 3_366_AUTOMÓVEL_MÉDIO_41-60 4_349_AUTOMÓVEL_MÉDIO_41-60 ==> 1_366_AUTOMÓVEL_MÉDIO_41-60,6078.0,0.9564122738001574,1.1611929476234721
1_349_AUTOMÓVEL_MÉDIO_41-60 1_349_AUTOMÓVEL_PEQUENO_41-60 1_350_AUTOMÓVEL_MÉDIO_41-60 2_349_AUTOMÓVEL_PEQUENO_0-40 2_349_AUTOMÓVEL_PEQUENO_41-60 3_349_AUTOMÓVEL_MÉDIO_41-60 3_366_AUTOMÓVEL_MÉDIO_41-60 4_370_AUTOMÓVEL_MÉDIO_0-40 ==> 1_366_AUTOMÓVEL_MÉDIO_41-60,6039.0,0.9578112609040444,1.1628914765982157
1_349_AUTOMÓVEL_MÉDIO_41-60 1_349_AUTOMÓVEL_PEQUENO_41-60 1_350_AUTOMÓVEL_MÉDIO_41-60 2_349_AUTOMÓVEL_PEQUENO_0-40 2_349_AUTOMÓVEL_PEQUENO_41-60 3_366_AUTOMÓVEL_MÉDIO_41-60 4_349_AUTOMÓVEL_MÉDIO_41-60 4_370_AUTOMÓVEL_MÉDIO_0-40 ==> 1_366_AUTOMÓVEL_MÉDIO_41-60,6040.0,0.9578179511576277,1.1628995993246711
1_349_AUTOMÓVEL_MÉDIO_41-60 1_349_AUTOMÓVEL_PEQUENO_41-60 1_350_AUTOMÓVEL_MÉDIO_41-60 2_349_AUTOMÓVEL_PEQUENO_0-40 2_350_AUTOMÓVEL_MÉDIO_41-60 3_349_AUTOMÓVEL_MÉDIO_41-60 3_366_AUTOMÓVEL_MÉDIO_41-60 4_349_AUTOMÓVEL_MÉDIO_41-60 ==> 1_366_AUTOMÓVEL_MÉDIO_41-60,6080.0,0.9564259871008337,1.1612095971254395
1_349_AUTOMÓVEL_MÉDIO_41-60 1_349_AUTOMÓVEL_PEQUENO_41-60 1_350_AUTOMÓVEL_MÉDIO_41-60 2_349_AUTOMÓVEL_PEQUENO_0-40 2_350_AUTOMÓVEL_MÉDIO_41-60 3_349_AUTOMÓVEL_MÉDIO_41-60 3_366_AUTOMÓVEL_MÉDIO_41-60 4_370_AUTOMÓVEL_MÉDIO_0-40 ==> 1_366_AUTOMÓVEL_MÉDIO_41-60,6041.0,0.9578246392896781,1.1629077194753452
1_349_AUTOMÓVEL_MÉDIO_41-60 1_349_AUTOMÓVEL_PEQUENO_41-60 1_350_AUTOMÓVEL_MÉDIO_41-60 2_349_AUTOMÓVEL_PEQUENO_0-40 2_350_AUTOMÓVEL_MÉDIO_41-60 3_366_AUTOMÓVEL_MÉDIO_41-60 4_349_AUTOMÓVEL_MÉDIO_41-60 4_370_AUTOMÓVEL_MÉDIO_0-40 ==> 1_366_AUTOMÓVEL_MÉDIO_41-60,6042.0,0.9578313253012049,1.1629158370514627
1_349_AUTOMÓVEL_MÉDIO_41-60 1_349_AUTOMÓVEL_PEQUENO_41-60 1_350_AUTOMÓVEL_MÉDIO_41-60 2_349_AUTOMÓVEL_PEQUENO_0-40 3_349_AUTOMÓVEL_MÉDIO_41-60 3_366_AUTOMÓVEL_MÉDIO_41-60 4_349_AUTOMÓVEL_MÉDIO_41-60 4_370_AUTOMÓVEL_MÉDIO_0-40 ==> 1_366_AUTOMÓVEL_MÉDIO_41-60,6041.0,0.958432492463906,1.163645722153102
1_349_AUTOMÓVEL_MÉDIO_41-60 1_349_AUTOMÓVEL_PEQUENO_41-60 1_350_AUTOMÓVEL_MÉDIO_41-60 2_349_AUTOMÓVEL_PEQUENO_41-60 2_350_AUTOMÓVEL_MÉDIO_41-60 3_349_AUTOMÓVEL_MÉDIO_41-60 3_366_AUTOMÓVEL_MÉDIO_41-60 4_349_AUTOMÓVEL_GRANDE_41-60 ==> 1_366_AUTOMÓVEL_MÉDIO_41-60,6049.0,0.9554572737324277,1.1600334692541479
1_349_AUTOMÓVEL_MÉDIO_41-60 1_349_AUTOMÓVEL_PEQUENO_41-60 1_350_AUTOMÓVEL_MÉDIO_41-60 2_349_AUTOMÓVEL_PEQUENO_41-60 2_350_AUTOMÓVEL_MÉDIO_41-60 3_366_AUTOMÓVEL_MÉDIO_41-60 4_349_AUTOMÓVEL_GRANDE_41-60 4_349_AUTOMÓVEL_MÉDIO_41-60 ==> 1_366_AUTOMÓVEL_MÉDIO_41-60,6048.0,0.9556012008216148,1.1602082130602598
1_349_AUTOMÓVEL_MÉDIO_41-60 1_349_AUTOMÓVEL_PEQUENO_41-60 1_350_AUTOMÓVEL_MÉDIO_41-60 2_349_AUTOMÓVEL_PEQUENO_41-60 3_349_AUTOMÓVEL_MÉDIO_41-60 3_366_AUTOMÓVEL_MÉDIO_41-60 4_349_AUTOMÓVEL_GRANDE_41-60 4_349_AUTOMÓVEL_MÉDIO_41-60 ==> 1_366_AUTOMÓVEL_MÉDIO_41-60,6051.0,0.9559241706161138,1.1606003350122056
1_349_AUTOMÓVEL_MÉDIO_41-60 1_349_AUTOMÓVEL_PEQUENO_41-60 1_350_AUTOMÓVEL_MÉDIO_41-60 2_350_AUTOMÓVEL_MÉDIO_41-60 3_349_AUTOMÓVEL_MÉDIO_41-60 3_366_AUTOMÓVEL_MÉDIO_41-60 4_349_AUTOMÓVEL_GRANDE_41-60 4_349_AUTOMÓVEL_MÉDIO_41-60 ==> 1_366_AUTOMÓVEL_MÉDIO_41-60,6051.0,0.9559241706161138,1.1606003350122056
1_349_AUTOMÓVEL_MÉDIO_41-60 1_350_AUTOMÓVEL_MÉDIO_41-60 2_349_AUTOMÓVEL_MÉDIO_41-60 2_349_AUTOMÓVEL_PEQUENO_0-40 2_349_AUTOMÓVEL_PEQUENO_41-60 2_350_AUTOMÓVEL_MÉDIO_41-60 3_366_AUTOMÓVEL_MÉDIO_41-60 4_370_AUTOMÓVEL_MÉDIO_0-40 ==> 1_366_AUTOMÓVEL_MÉDIO_41-60,6039.0,0.9565974972279423,1.1614178298672184
1_349_AUTOMÓVEL_MÉDIO_41-60 1_350_AUTOMÓVEL_MÉDIO_41-60 2_349_AUTOMÓVEL_MÉDIO_41-60 2_349_AUTOMÓVEL_PEQUENO_0-40 2_349_AUTOMÓVEL_PEQUENO_41-60 3_349_AUTOMÓVEL_MÉDIO_41-60 3_366_AUTOMÓVEL_MÉDIO_41-60 4_349_AUTOMÓVEL_MÉDIO_41-60 ==> 1_366_AUTOMÓVEL_MÉDIO_41-60,6078.0,0.9561113732892874,1.1608276202842795
1_349_AUTOMÓVEL_MÉDIO_41-60 1_350_AUTOMÓVEL_MÉDIO_41-60 2_349_AUTOMÓVEL_MÉDIO_41-60 2_349_AUTOMÓVEL_PEQUENO_0-40 2_349_AUTOMÓVEL_PEQUENO_41-60 3_366_AUTOMÓVEL_MÉDIO_41-60 4_349_AUTOMÓVEL_MÉDIO_41-60 4_370_AUTOMÓVEL_MÉDIO_0-40 ==> 1_366_AUTOMÓVEL_MÉDIO_41-60,6039.0,0.9573557387444515,1.1623384210449825
1_349_AUTOMÓVEL_MÉDIO_41-60 1_350_AUTOMÓVEL_MÉDIO_41-60 2_349_AUTOMÓVEL_MÉDIO_41-60 2_349_AUTOMÓVEL_PEQUENO_0-40 2_350_AUTOMÓVEL_MÉDIO_41-60 3_349_AUTOMÓVEL_MÉDIO_41-60 3_366_AUTOMÓVEL_MÉDIO_41-60 4_349_AUTOMÓVEL_MÉDIO_41-60 ==> 1_366_AUTOMÓVEL_MÉDIO_41-60,6077.0,0.9561044682190056,1.1608192367459942
1_349_AUTOMÓVEL_MÉDIO_41-60 1_350_AUTOMÓVEL_MÉDIO_41-60 2_349_AUTOMÓVEL_MÉDIO_41-60 2_349_AUTOMÓVEL_PEQUENO_0-40 2_350_AUTOMÓVEL_MÉDIO_41-60 3_366_AUTOMÓVEL_MÉDIO_41-60 4_349_AUTOMÓVEL_MÉDIO_41-60 4_370_AUTOMÓVEL_MÉDIO_0-40 ==> 1_366_AUTOMÓVEL_MÉDIO_41-60,6039.0,0.9573557387444515,1.1623384210449825
1_349_AUTOMÓVEL_MÉDIO_41-60 1_350_AUTOMÓVEL_MÉDIO_41-60 2_349_AUTOMÓVEL_MÉDIO_41-60 2_349_AUTOMÓVEL_PEQUENO_41-60 2_350_AUTOMÓVEL_MÉDIO_41-60 3_349_AUTOMÓVEL_MÉDIO_41-60 3_366_AUTOMÓVEL_MÉDIO_41-60 4_349_AUTOMÓVEL_GRANDE_41-60 ==> 1_366_AUTOMÓVEL_MÉDIO_41-60,6045.0,0.9557312252964427,1.1603660775161275
1_349_AUTOMÓVEL_MÉDIO_41-60 1_350_AUTOMÓVEL_MÉDIO_41-60 2_349_AUTOMÓVEL_MÉDIO_41-60 2_349_AUTOMÓVEL_PEQUENO_41-60 2_350_AUTOMÓVEL_MÉDIO_41-60 3_366_AUTOMÓVEL_MÉDIO_41-60 4_349_AUTOMÓVEL_GRANDE_41-60 4_349_AUTOMÓVEL_MÉDIO_41-60 ==> 1_366_AUTOMÓVEL_MÉDIO_41-60,6044.0,0.9557242251739405,1.1603575785736686
1_349_AUTOMÓVEL_MÉDIO_41-60 1_350_AUTOMÓVEL_MÉDIO_41-60 2_349_AUTOMÓVEL_MÉDIO_41-60 2_349_AUTOMÓVEL_PEQUENO_41-60 3_349_AUTOMÓVEL_MÉDIO_41-60 3_366_AUTOMÓVEL_MÉDIO_41-60 4_349_AUTOMÓVEL_GRANDE_41-60 4_349_AUTOMÓVEL_MÉDIO_41-60 ==> 1_366_AUTOMÓVEL_MÉDIO_41-60,6048.0,0.9562055335968379,1.160941941574448
1_349_AUTOMÓVEL_MÉDIO_41-60 1_350_AUTOMÓVEL_MÉDIO_41-60 2_349_AUTOMÓVEL_MÉDIO_41-60 2_350_AUTOMÓVEL_MÉDIO_41-60 3_349_AUTOMÓVEL_MÉDIO_41-60 3_366_AUTOMÓVEL_MÉDIO_41-60 4_349_AUTOMÓVEL_GRANDE_41-60 4_349_AUTOMÓVEL_MÉDIO_41-60 ==> 1_366_AUTOMÓVEL_MÉDIO_41-60,6046.0,0.9561916811640044,1.160925123150266
1_349_AUTOMÓVEL_MÉDIO_41-60 1_350_AUTOMÓVEL_MÉDIO_41-60 2_349_AUTOMÓVEL_PEQUENO_0-40 2_349_AUTOMÓVEL_PEQUENO_41-60 2_350_AUTOMÓVEL_MÉDIO_41-60 3_349_AUTOMÓVEL_MÉDIO_41-60 3_366_AUTOMÓVEL_MÉDIO_41-60 4_349_AUTOMÓVEL_MÉDIO_41-60 ==> 1_366_AUTOMÓVEL_MÉDIO_41-60,6081.0,0.9555311125078567,1.1601231179000697
1_349_AUTOMÓVEL_MÉDIO_41-60 1_350_AUTOMÓVEL_MÉDIO_41-60 2_349_AUTOMÓVEL_PEQUENO_0-40 2_349_AUTOMÓVEL_PEQUENO_41-60 2_350_AUTOMÓVEL_MÉDIO_41-60 3_349_AUTOMÓVEL_MÉDIO_41-60 3_366_AUTOMÓVEL_MÉDIO_41-60 4_370_AUTOMÓVEL_MÉDIO_0-40 ==> 1_366_AUTOMÓVEL_MÉDIO_41-60,6041.0,0.9569143038175194,1.1618024689895459
1_349_AUTOMÓVEL_MÉDIO_41-60 1_350_AUTOMÓVEL_MÉDIO_41-60 2_349_AUTOMÓVEL_PEQUENO_0-40 2_349_AUTOMÓVEL_PEQUENO_41-60 2_350_AUTOMÓVEL_MÉDIO_41-60 3_366_AUTOMÓVEL_MÉDIO_41-60 4_349_AUTOMÓVEL_MÉDIO_41-60 4_370_AUTOMÓVEL_MÉDIO_0-40 ==> 1_366_AUTOMÓVEL_MÉDIO_41-60,6042.0,0.956769596199525,1.1616267775329576
1_349_AUTOMÓVEL_MÉDIO_41-60 1_350_AUTOMÓVEL_MÉDIO_41-60 2_349_AUTOMÓVEL_PEQUENO_0-40 2_349_AUTOMÓVEL_PEQUENO_41-60 3_349_AUTOMÓVEL_MÉDIO_41-60 3_366_AUTOMÓVEL_MÉDIO_41-60 4_349_AUTOMÓVEL_MÉDIO_41-60 4_370_AUTOMÓVEL_MÉDIO_0-40 ==> 1_366_AUTOMÓVEL_MÉDIO_41-60,6041.0,0.9575210017435409,1.162539069064987
1_349_AUTOMÓVEL_MÉDIO_41-60 1_350_AUTOMÓVEL_MÉDIO_41-60 2_349_AUTOMÓVEL_PEQUENO_0-40 2_350_AUTOMÓVEL_MÉDIO_41-60 3_349_AUTOMÓVEL_MÉDIO_41-60 3_366_AUTOMÓVEL_MÉDIO_41-60 4_349_AUTOMÓVEL_MÉDIO_41-60 4_370_AUTOMÓVEL_MÉDIO_0-40 ==> 1_366_AUTOMÓVEL_MÉDIO_41-60,6043.0,0.9575344636349231,1.1625554133275635
1_349_AUTOMÓVEL_MÉDIO_41-60 1_350_AUTOMÓVEL_MÉDIO_41-60 2_349_AUTOMÓVEL_PEQUENO_41-60 2_350_AUTOMÓVEL_MÉDIO_41-60 3_349_AUTOMÓVEL_MÉDIO_41-60 3_366_AUTOMÓVEL_MÉDIO_41-60 4_349_AUTOMÓVEL_GRANDE_41-60 4_349_AUTOMÓVEL_MÉDIO_41-60 ==> 1_366_AUTOMÓVEL_MÉDIO_41-60,6051.0,0.9554713405968736,1.1600505480226215
1_349_AUTOMÓVEL_MÉDIO_41-60 1_349_AUTOMÓVEL_PEQUENO_0-40 1_349_AUTOMÓVEL_PEQUENO_41-60 1_350_AUTOMÓVEL_MÉDIO_41-60 2_349_AUTOMÓVEL_MÉDIO_41-60 2_349_AUTOMÓVEL_PEQUENO_41-60 2_350_AUTOMÓVEL_MÉDIO_41-60 3_349_AUTOMÓVEL_MÉDIO_41-60 3_366_AUTOMÓVEL_MÉDIO_41-60 ==> 1_366_AUTOMÓVEL_MÉDIO_41-60,6047.0,0.9575613618368963,1.162588070794736
1_349_AUTOMÓVEL_MÉDIO_41-60 1_349_AUTOMÓVEL_PEQUENO_0-40 1_349_AUTOMÓVEL_PEQUENO_41-60 1_350_AUTOMÓVEL_MÉDIO_41-60 2_349_AUTOMÓVEL_MÉDIO_41-60 2_349_AUTOMÓVEL_PEQUENO_41-60 2_350_AUTOMÓVEL_MÉDIO_41-60 3_366_AUTOMÓVEL_MÉDIO_41-60 4_349_AUTOMÓVEL_MÉDIO_41-60 ==> 1_366_AUTOMÓVEL_MÉDIO_41-60,6048.0,0.9578713968957872,1.1629644885109889
1_349_AUTOMÓVEL_MÉDIO_41-60 1_349_AUTOMÓVEL_PEQUENO_0-40 1_349_AUTOMÓVEL_PEQUENO_41-60 1_350_AUTOMÓVEL_MÉDIO_41-60 2_349_AUTOMÓVEL_MÉDIO_41-60 2_349_AUTOMÓVEL_PEQUENO_41-60 3_349_AUTOMÓVEL_MÉDIO_41-60 3_366_AUTOMÓVEL_MÉDIO_41-60 4_349_AUTOMÓVEL_MÉDIO_41-60 ==> 1_366_AUTOMÓVEL_MÉDIO_41-60,6048.0,0.9580231268810391,1.1631487059176913
1_349_AUTOMÓVEL_MÉDIO_41-60 1_349_AUTOMÓVEL_PEQUENO_0-40 1_349_AUTOMÓVEL_PEQUENO_41-60 1_350_AUTOMÓVEL_MÉDIO_41-60 2_349_AUTOMÓVEL_MÉDIO_41-60 2_350_AUTOMÓVEL_MÉDIO_41-60 3_349_AUTOMÓVEL_MÉDIO_41-60 3_366_AUTOMÓVEL_MÉDIO_41-60 4_349_AUTOMÓVEL_MÉDIO_41-60 ==> 1_366_AUTOMÓVEL_MÉDIO_41-60,6047.0,0.9580164765525983,1.1631406316648856
1_349_AUTOMÓVEL_MÉDIO_41-60 1_349_AUTOMÓVEL_PEQUENO_0-40 1_349_AUTOMÓVEL_PEQUENO_41-60 1_350_AUTOMÓVEL_MÉDIO_41-60 2_349_AUTOMÓVEL_PEQUENO_41-60 2_350_AUTOMÓVEL_MÉDIO_41-60 3_349_AUTOMÓVEL_MÉDIO_41-60 3_366_AUTOMÓVEL_MÉDIO_41-60 4_349_AUTOMÓVEL_MÉDIO_41-60 ==> 1_366_AUTOMÓVEL_MÉDIO_41-60,6052.0,0.9574434424932764,1.1624449033407511
1_349_AUTOMÓVEL_MÉDIO_41-60 1_349_AUTOMÓVEL_PEQUENO_0-40 1_350_AUTOMÓVEL_MÉDIO_41-60 2_349_AUTOMÓVEL_MÉDIO_41-60 2_349_AUTOMÓVEL_PEQUENO_41-60 2_350_AUTOMÓVEL_MÉDIO_41-60 3_349_AUTOMÓVEL_MÉDIO_41-60 3_366_AUTOMÓVEL_MÉDIO_41-60 4_349_AUTOMÓVEL_MÉDIO_41-60 ==> 1_366_AUTOMÓVEL_MÉDIO_41-60,6050.0,0.9575815131370687,1.1626125367580937
1_349_AUTOMÓVEL_MÉDIO_41-60 1_349_AUTOMÓVEL_PEQUENO_41-60 1_350_AUTOMÓVEL_MÉDIO_41-60 2_349_AUTOMÓVEL_MÉDIO_41-60 2_349_AUTOMÓVEL_PEQUENO_0-40 2_349_AUTOMÓVEL_PEQUENO_41-60 2_350_AUTOMÓVEL_MÉDIO_41-60 3_349_AUTOMÓVEL_MÉDIO_41-60 3_366_AUTOMÓVEL_MÉDIO_41-60 ==> 1_366_AUTOMÓVEL_MÉDIO_41-60,6072.0,0.9559193954659949,1.1605945374385092
1_349_AUTOMÓVEL_MÉDIO_41-60 1_349_AUTOMÓVEL_PEQUENO_41-60 1_350_AUTOMÓVEL_MÉDIO_41-60 2_349_AUTOMÓVEL_MÉDIO_41-60 2_349_AUTOMÓVEL_PEQUENO_0-40 2_349_AUTOMÓVEL_PEQUENO_41-60 2_350_AUTOMÓVEL_MÉDIO_41-60 3_366_AUTOMÓVEL_MÉDIO_41-60 4_349_AUTOMÓVEL_MÉDIO_41-60 ==> 1_366_AUTOMÓVEL_MÉDIO_41-60,6073.0,0.9562273657691702,1.1609684483072011
1_349_AUTOMÓVEL_MÉDIO_41-60 1_349_AUTOMÓVEL_PEQUENO_41-60 1_350_AUTOMÓVEL_MÉDIO_41-60 2_349_AUTOMÓVEL_MÉDIO_41-60 2_349_AUTOMÓVEL_PEQUENO_0-40 2_349_AUTOMÓVEL_PEQUENO_41-60 3_349_AUTOMÓVEL_MÉDIO_41-60 3_366_AUTOMÓVEL_MÉDIO_41-60 4_349_AUTOMÓVEL_MÉDIO_41-60 ==> 1_366_AUTOMÓVEL_MÉDIO_41-60,6072.0,0.9568231957138355,1.1616918534209595
1_349_AUTOMÓVEL_MÉDIO_41-60 1_349_AUTOMÓVEL_PEQUENO_41-60 1_350_AUTOMÓVEL_MÉDIO_41-60 2_349_AUTOMÓVEL_MÉDIO_41-60 2_349_AUTOMÓVEL_PEQUENO_0-40 2_350_AUTOMÓVEL_MÉDIO_41-60 3_349_AUTOMÓVEL_MÉDIO_41-60 3_366_AUTOMÓVEL_MÉDIO_41-60 4_349_AUTOMÓVEL_MÉDIO_41-60 ==> 1_366_AUTOMÓVEL_MÉDIO_41-60,6072.0,0.9568231957138355,1.1616918534209595
1_349_AUTOMÓVEL_MÉDIO_41-60 1_349_AUTOMÓVEL_PEQUENO_41-60 1_350_AUTOMÓVEL_MÉDIO_41-60 2_349_AUTOMÓVEL_MÉDIO_41-60 2_349_AUTOMÓVEL_PEQUENO_41-60 2_350_AUTOMÓVEL_MÉDIO_41-60 3_349_AUTOMÓVEL_MÉDIO_41-60 3_366_AUTOMÓVEL_MÉDIO_41-60 4_349_AUTOMÓVEL_GRANDE_41-60 ==> 1_366_AUTOMÓVEL_MÉDIO_41-60,6041.0,0.9561570117125673,1.1608830305050652
1_349_AUTOMÓVEL_MÉDIO_41-60 1_349_AUTOMÓVEL_PEQUENO_41-60 1_350_AUTOMÓVEL_MÉDIO_41-60 2_349_AUTOMÓVEL_MÉDIO_41-60 2_349_AUTOMÓVEL_PEQUENO_41-60 2_350_AUTOMÓVEL_MÉDIO_41-60 3_366_AUTOMÓVEL_MÉDIO_41-60 4_349_AUTOMÓVEL_GRANDE_41-60 4_349_AUTOMÓVEL_MÉDIO_41-60 ==> 1_366_AUTOMÓVEL_MÉDIO_41-60,6040.0,0.9563014566181127,1.161058402998951
1_349_AUTOMÓVEL_MÉDIO_41-60 1_349_AUTOMÓVEL_PEQUENO_41-60 1_350_AUTOMÓVEL_MÉDIO_41-60 2_349_AUTOMÓVEL_MÉDIO_41-60 2_349_AUTOMÓVEL_PEQUENO_41-60 3_349_AUTOMÓVEL_MÉDIO_41-60 3_366_AUTOMÓVEL_MÉDIO_41-60 4_349_AUTOMÓVEL_GRANDE_41-60 4_349_AUTOMÓVEL_MÉDIO_41-60 ==> 1_366_AUTOMÓVEL_MÉDIO_41-60,6043.0,0.956624980212126,1.1614511973263026
1_349_AUTOMÓVEL_MÉDIO_41-60 1_349_AUTOMÓVEL_PEQUENO_41-60 1_350_AUTOMÓVEL_MÉDIO_41-60 2_349_AUTOMÓVEL_MÉDIO_41-60 2_350_AUTOMÓVEL_MÉDIO_41-60 3_349_AUTOMÓVEL_MÉDIO_41-60 3_366_AUTOMÓVEL_MÉDIO_41-60 4_349_AUTOMÓVEL_GRANDE_41-60 4_349_AUTOMÓVEL_MÉDIO_41-60 ==> 1_366_AUTOMÓVEL_MÉDIO_41-60,6042.0,0.9566181127295756,1.1614428594237851
1_349_AUTOMÓVEL_MÉDIO_41-60 1_349_AUTOMÓVEL_PEQUENO_41-60 1_350_AUTOMÓVEL_MÉDIO_41-60 2_349_AUTOMÓVEL_PEQUENO_0-40 2_349_AUTOMÓVEL_PEQUENO_41-60 2_350_AUTOMÓVEL_MÉDIO_41-60 3_349_AUTOMÓVEL_MÉDIO_41-60 3_366_AUTOMÓVEL_MÉDIO_41-60 4_349_AUTOMÓVEL_MÉDIO_41-60 ==> 1_366_AUTOMÓVEL_MÉDIO_41-60,6076.0,0.9563985518652605,1.1611762876385825
1_349_AUTOMÓVEL_MÉDIO_41-60 1_349_AUTOMÓVEL_PEQUENO_41-60 1_350_AUTOMÓVEL_MÉDIO_41-60 2_349_AUTOMÓVEL_PEQUENO_0-40 2_350_AUTOMÓVEL_MÉDIO_41-60 3_349_AUTOMÓVEL_MÉDIO_41-60 3_366_AUTOMÓVEL_MÉDIO_41-60 4_349_AUTOMÓVEL_MÉDIO_41-60 4_370_AUTOMÓVEL_MÉDIO_0-40 ==> 1_366_AUTOMÓVEL_MÉDIO_41-60,6039.0,0.9584192985240438,1.1636297032140532
1_349_AUTOMÓVEL_MÉDIO_41-60 1_349_AUTOMÓVEL_PEQUENO_41-60 1_350_AUTOMÓVEL_MÉDIO_41-60 2_349_AUTOMÓVEL_PEQUENO_41-60 2_350_AUTOMÓVEL_MÉDIO_41-60 3_349_AUTOMÓVEL_MÉDIO_41-60 3_366_AUTOMÓVEL_MÉDIO_41-60 4_349_AUTOMÓVEL_GRANDE_41-60 4_349_AUTOMÓVEL_MÉDIO_41-60 ==> 1_366_AUTOMÓVEL_MÉDIO_41-60,6047.0,0.9560474308300395,1.160749986888341
1_349_AUTOMÓVEL_MÉDIO_41-60 1_350_AUTOMÓVEL_MÉDIO_41-60 2_349_AUTOMÓVEL_MÉDIO_41-60 2_349_AUTOMÓVEL_PEQUENO_0-40 2_349_AUTOMÓVEL_PEQUENO_41-60 2_350_AUTOMÓVEL_MÉDIO_41-60 3_349_AUTOMÓVEL_MÉDIO_41-60 3_366_AUTOMÓVEL_MÉDIO_41-60 4_349_AUTOMÓVEL_MÉDIO_41-60 ==> 1_366_AUTOMÓVEL_MÉDIO_41-60,6075.0,0.9560906515580736,1.1608024617529569
1_349_AUTOMÓVEL_MÉDIO_41-60 1_350_AUTOMÓVEL_MÉDIO_41-60 2_349_AUTOMÓVEL_MÉDIO_41-60 2_349_AUTOMÓVEL_PEQUENO_41-60 2_350_AUTOMÓVEL_MÉDIO_41-60 3_349_AUTOMÓVEL_MÉDIO_41-60 3_366_AUTOMÓVEL_MÉDIO_41-60 4_349_AUTOMÓVEL_GRANDE_41-60 4_349_AUTOMÓVEL_MÉDIO_41-60 ==> 1_366_AUTOMÓVEL_MÉDIO_41-60,6043.0,0.9563222028802025,1.161083591313539
1_349_AUTOMÓVEL_MÉDIO_41-60 1_350_AUTOMÓVEL_MÉDIO_41-60 2_349_AUTOMÓVEL_PEQUENO_0-40 2_349_AUTOMÓVEL_PEQUENO_41-60 2_350_AUTOMÓVEL_MÉDIO_41-60 3_349_AUTOMÓVEL_MÉDIO_41-60 3_366_AUTOMÓVEL_MÉDIO_41-60 4_349_AUTOMÓVEL_MÉDIO_41-60 4_370_AUTOMÓVEL_MÉDIO_0-40 ==> 1_366_AUTOMÓVEL_MÉDIO_41-60,6039.0,0.9575075313144126,1.162522714436618
1_349_AUTOMÓVEL_MÉDIO_41-60 1_349_AUTOMÓVEL_PEQUENO_0-40 1_349_AUTOMÓVEL_PEQUENO_41-60 1_350_AUTOMÓVEL_MÉDIO_41-60 2_349_AUTOMÓVEL_MÉDIO_41-60 2_349_AUTOMÓVEL_PEQUENO_41-60 2_350_AUTOMÓVEL_MÉDIO_41-60 3_349_AUTOMÓVEL_MÉDIO_41-60 3_366_AUTOMÓVEL_MÉDIO_41-60 4_349_AUTOMÓVEL_MÉDIO_41-60 ==> 1_366_AUTOMÓVEL_MÉDIO_41-60,6045.0,0.9581550166428912,1.1633088350435103
1_349_AUTOMÓVEL_MÉDIO_41-60 1_349_AUTOMÓVEL_PEQUENO_41-60 1_350_AUTOMÓVEL_MÉDIO_41-60 2_349_AUTOMÓVEL_MÉDIO_41-60 2_349_AUTOMÓVEL_PEQUENO_0-40 2_349_AUTOMÓVEL_PEQUENO_41-60 2_350_AUTOMÓVEL_MÉDIO_41-60 3_349_AUTOMÓVEL_MÉDIO_41-60 3_366_AUTOMÓVEL_MÉDIO_41-60 4_349_AUTOMÓVEL_MÉDIO_41-60 ==> 1_366_AUTOMÓVEL_MÉDIO_41-60,6070.0,0.9568095838587641,1.1616753270854598
1_349_AUTOMÓVEL_MÉDIO_41-60 1_349_AUTOMÓVEL_PEQUENO_41-60 1_350_AUTOMÓVEL_MÉDIO_41-60 2_349_AUTOMÓVEL_MÉDIO_41-60 2_349_AUTOMÓVEL_PEQUENO_41-60 2_350_AUTOMÓVEL_MÉDIO_41-60 3_349_AUTOMÓVEL_MÉDIO_41-60 3_366_AUTOMÓVEL_MÉDIO_41-60 4_349_AUTOMÓVEL_GRANDE_41-60 4_349_AUTOMÓVEL_MÉDIO_41-60 ==> 1_366_AUTOMÓVEL_MÉDIO_41-60,6039.0,0.9567490494296578,1.1616018314245484
